,names,stars,food_scores,overrate_scores,price_scores,service_scores
0,-IFq5ULEK4Fl8ZzrArtB5g,4.0,0.477723835001156,0.3382382315733404,0.7368723924615164,0.6637168141592922
1,-LccesU7Hg_OVBPLH2DkIg,4.0,0.46467849004260386,0.2939609827551767,0.7364407998849086,0.5779388195944534
2,-R2kwt0qMnzwEdAfXPvkXg,4.0,0.6214207866838404,0.7089020573939673,0.5630844482808229,0.0
3,-W4gdvXVwi2nTkAIjqaJzA,3.5,0.4603190329931637,0.28357413942339693,0.7368723924615164,0.6778621698836319
4,-WRLKqr9TXFYp0LtBB6ACg,5.0,0.6362495458898908,0.3118050469405419,0.7368723924615164,0.6855968225210787
5,-httBl6DSZiUtDX4SQWtag,4.0,0.3895769345090658,0.46501098608429303,0.700618616026471,0.649292732213783
6,-igpUhnA1b5iUK6rfAtuPw,4.5,1.0,0.6007057726879282,0.833261401237232,0.36471326039997226
7,-syU1HD-Iw_GEH8P5l03_A,4.0,0.4785825159351367,0.33956987815433776,0.7528413177960006,0.754860288481639
8,-u4r4iIVk8wO1Morjhq05w,5.0,0.4686746590045907,0.22005459750982082,0.7637749964033952,0.7033656191206189
9,01I5pFCvJrrGuY3A-KoNIA,3.0,0.41091185309950795,0.21825687462547433,0.7204718745504245,0.6886628109539407
10,08t3_HjbpLyPeuft6eoa5A,4.5,0.7213250107335117,0.4735335242026765,0.7045029492159401,0.7467772280677305
11,0Q0v-eDzWtaySg7cbVi0yg,3.5,0.30377489349053804,0.19055862574072835,0.6118544094374909,0.6341021531600586
12,0apMOBL1jGoHqOXDivMszg,5.0,0.4603190329931637,0.22531460150476057,0.7368723924615164,0.6778621698836319
13,0y9Bjze2woK_CZ_S8ijrUQ,3.0,0.45268998315664327,0.16798721619282236,0.7808948352755,0.6462964253362136
14,19m3NtbbP2VX-tDFJB1lKQ,3.5,0.4704250470623205,0.28357413942339693,0.7368723924615164,0.6620444568322765
15,1DSEqxx6wxF2zwpPDBwtOg,4.5,0.6148816011096802,0.29922098675011644,0.7368723924615164,0.6672705734792002
16,1XEFVSf5zdBFHRScvmU_zQ,5.0,0.4603190329931637,0.29835541647246816,0.7808948352755,0.6855968225210787
17,1cGyzWtfOoDiE8V0OR85yA,4.0,0.550645662009974,0.5427791464145414,0.28456337217666516,0.536129886419065
18,20ib4z2Yo2wlfARFMcFwSQ,4.0,0.5688761187621785,0.3011518742925627,0.5947345705653863,0.6599540101735072
19,22lLsW2-h6enhfaJBknCMg,4.0,0.4546715545427525,0.24482322391637254,0.7368723924615164,0.6778621698836319
20,2KIUW-yH8tiCb3MH-vaVaQ,4.0,0.4603190329931637,0.24881816365936474,0.7368723924615164,0.6814159292035399
21,2NXb5LHngfZppLDOZDEhSg,4.0,0.47098649228838474,0.316865303948332,0.7368723924615164,0.6938889276008641
22,2VtZvvvNWQkbHp91BvC1cQ,4.5,0.4617391591532085,0.41454158066449154,0.7368723924615164,0.7328409170092677
23,2nmZnUQD80EvhqzaH2m3Kw,3.5,0.4644803329039929,0.3039483321126572,0.7368723924615164,0.69918472580308
24,2sDdI1jDqr7c3FkZZJu5aw,3.0,0.4603190329931637,0.28357413942339693,0.7368723924615164,0.6778621698836319
25,2x9yQ6UEiZifHTbzY1ei9Q,3.5,0.5283199577264772,0.12950263000199744,0.7447849230326572,0.6906835760574177
26,37PlKoT60Qfo_G8V2NRfCQ,4.5,0.46609861620264875,0.3389706371928889,0.7368723924615164,0.7012751724618493
27,3RMOswDGPyri2d2OCqcLfw,4.5,0.45437431883483614,0.2909647779479325,0.7368723924615164,0.6903351682809561
28,3RcaVnkUyOAPjRoKnq2UIA,4.5,0.4603190329931637,0.3142020107863372,0.7368723924615164,0.6962581004808028
29,3TRpWYsF04VLf5y2lk5b4w,3.0,0.40024439380428684,0.12197882681936209,0.7368723924615164,0.6352170580447356
30,3TrY8CpsnvnTTYigx2R4yg,4.0,0.5321509957396217,0.35794660097210185,0.6986045173356351,0.22597728381297477
31,3ZBIqDLVl3W9wIZufxESLA,4.5,0.4553981307176592,0.32219189027232165,0.7528413177960006,0.6778621698836319
32,3b2R0n1lyUSBB-itvB8Caw,4.5,0.6291158888998977,0.5574938411345627,0.7040713566393324,0.6692216570273849
33,3jD75qcVu6U3ivJVEZQbwA,4.5,0.60768189174015,0.38491244423729926,0.7105452452884478,0.8362483450630618
34,3kPqtmL3EdfhCwxfIHT_iQ,3.0,0.5093298986095974,0.21912244490312263,0.7368723924615164,0.5426799526165424
35,3pKqw4kUH6xleWhVqCO4gA,5.0,0.4565540473595562,0.383514215327252,0.7368723924615164,0.6778621698836319
36,3uda_ctDzaN8_bJsy5hVsg,4.5,0.47323227319264183,0.33351088621079955,0.5025176233635448,0.6557731168559683
37,4LEC4le9EsYrautJrwHeAw,3.5,0.46623072096172274,0.23077435248684994,0.6967342828370019,0.6778621698836319
38,4iSVxQKK1G3V-LBffQxaKg,4.0,0.25968493014960864,0.7829416072974229,0.7098259243274349,0.791443105010104
39,5H1gvB-TB_sHWasXdS64Uw,4.5,0.34928498299151234,0.5104867168253544,1.0,0.7536060204863774
40,5Hrv7KhPD0ALju_9DAuZJg,4.5,0.45440734502460456,0.337905319928091,0.7688102431304848,0.6992544073583723
41,5TeFopqspSMhkkaijxCF2g,4.5,0.45437431883483614,0.3300486051002063,0.7368723924615164,0.6778621698836319
42,5VA4XYx2lbA2RTe9xuLZUw,2.5,0.4603190329931637,0.28357413942339693,0.7368723924615164,0.6903351682809561
43,5Xe7tDL4inaiCHlZEMqczA,5.0,0.4907361537699397,0.28357413942339693,0.7368723924615164,0.6778621698836319
44,5ZrQ8VhqXyitSY_dLyHa-Q,4.5,0.4693021566101919,0.42472867700912165,0.7368723924615164,0.698069820918403
45,5crOt_2vpHfFeGOrEeROQA,4.5,0.4913636513755409,0.19834875823956313,0.7368723924615164,0.6933314751585257
46,5kA4hmzNNWGGrwvoiGnIrg,4.5,0.559067340400938,0.28357413942339693,0.7368723924615164,0.6778621698836319
47,5kYvHKRLEyYXqLkiY9OrOw,4.5,0.5094950295584398,0.3140022637991876,0.7368723924615164,0.6778621698836319
48,5oc3Jva4wWS4O44a-0Jd8Q,3.5,0.3143432742164537,0.1677208868766229,0.6555891238670696,0.7540241098181312
49,5u27mhDjcJ4Y7QbDhRyaXg,4.5,0.7885663331021501,0.1738464611492109,0.7078118256365991,0.5787053167026689
50,61-RtXOVQ-FbM20PLf8rug,3.5,0.4676508471217676,0.32891670550635854,0.7368723924615164,0.6855968225210787
51,65Kwl6HU8cWhH04MxRaIww,4.0,0.44311238812378223,0.26672881017377975,0.7611854409437491,0.7396000278726221
52,67IKCF3bawHNn6nH6hotMw,4.5,0.4603190329931637,0.2504827218856115,0.7368723924615164,0.6778621698836319
53,6B_zRPY2tzTxcFXCl4BeGg,1.0,0.43142111694573804,0.28357413942339693,0.7368723924615164,0.6778621698836319
54,6HQDB-FQlloN7p8MHqSveQ,4.5,0.4935103537104925,0.2701910912843731,0.7498201697597467,0.6778621698836319
55,6TlqrH6HWgKjtX-O2VMzXw,3.5,0.3439017140592491,0.3823157334043543,0.7528413177960006,0.6933314751585257
56,6Uv15dNmIxtPMB_1O2O1vA,4.0,0.52280458403514,0.34696051667887334,0.7368723924615164,0.7004389937983416
57,6WU_JVpPPnbAfBvMcRoPuw,3.5,0.3141451170778428,0.14441707170916832,0.943317508272191,0.7074071493275731
58,6XQKCJO-52pjQssVCrw06A,4.5,0.48535288483767636,0.28357413942339693,0.7368723924615164,0.6661556685945231
59,6hZHlfwknQVVAoQVQr3_ag,3.5,0.42263615046732067,0.37259471336307337,0.5945907063731837,0.6778621698836319
60,6tdkFaMnTfDCiPG97qKVHA,4.5,0.5660028402523202,0.41274385778014505,0.7181700474751834,0.7109609086474811
61,7Ihurc3XdgxuZU47L2t-zg,5.0,0.4704250470623205,0.28357413942339693,0.7368723924615164,0.6778621698836319
62,7O_mNtg37-1sMvQ5xmA8Dw,4.5,0.4853198586479079,0.46314668087089667,0.6868076535750252,0.7423872900843148
63,7QHDbb_AanjhiZtidPzuhw,4.5,0.44938736417979463,0.3684000266329315,0.7368723924615164,0.668803567695631
64,7_h1D46AgX2YqZ9aKmx-Ag,4.5,0.5298061362660591,0.3613422997536453,0.8439073514602216,0.6629503170510767
65,7_vGbkiXM_eyVtIxmc0rFQ,4.5,0.43845569536642565,0.22318396697516474,0.7368723924615164,0.6778621698836319
66,7laMR-BRYEqBv8oWexxkKw,4.0,0.3219062716734371,0.3454291231107263,0.5479787080995541,0.7360462685527142
67,7m0smV1-RvM1GnWhCTjy7Q,4.0,0.5132930413818159,0.20953458951994136,0.7204718745504245,0.615357814786426
68,7u-REDjaWjXwav1wtJwU7w,4.0,0.3037088411110011,0.27651641254411075,0.7368723924615164,0.6743084105637239
69,7zWoldq0uQV73BjoTM3G5w,4.5,0.6260444532514284,0.35095545642186554,0.8024744641058841,0.6492230506584907
70,80-1hn5fAJXFsxuyLe0w7A,4.5,0.624789458040226,0.28357413942339693,0.7368723924615164,0.6778621698836319
71,8_Dh64HYce48BGBXky520w,4.5,0.49301496086396523,0.2172581396897263,0.8030499208746943,0.6352170580447356
72,8jxKi5Ji4yjpHUvrNviWhw,3.5,0.430265200303841,0.2651974166056328,0.778593008200259,0.5728520660581145
73,99SN6hku1PToQ2E3-4h8CA,4.0,0.34274579741735206,0.2990212397629668,0.7968637606099841,0.8749912898055886
74,9GWfMAuAOlkt4MAZ4eZjlA,5.0,0.4639849400574656,0.2909647779479325,0.7368723924615164,0.6855968225210787
75,9OebZRLGgL0mwty5aebPjQ,4.5,0.4603190329931637,0.3192622677941273,0.7368723924615164,0.6778621698836319
76,9yRS-SNzkfmThx2JJoilwA,4.5,0.46107863535783883,1.0,0.7843475758883615,0.8416835063758623
77,AAtiejsgWy-XgY8CK1GAEg,4.0,0.4225700980877837,0.28357413942339693,0.7528413177960006,0.6549369381924606
78,AGztN3eVZPqEWXlDM1A2dw,4.5,0.4759404207536577,0.28157666955190086,0.7368723924615164,0.6778621698836319
79,AY3Cxky3L3aNbRo_o4YRgg,4.5,0.5887909111925758,0.48438644383780527,0.7368723924615164,0.7396000278726221
80,AmfxemvV9w0uLWWCBRpVyA,4.5,0.4553981307176592,0.28357413942339693,0.7368723924615164,0.6778621698836319
81,AtWI6XjqFrPEV7M5WvmwHw,4.5,0.5696026949370852,0.3046141554031559,0.4820889080707812,0.7834994077067801
82,AzFmvD634INCXO5mrmHThw,2.5,0.4616070543941347,0.28357413942339693,0.7368723924615164,0.6778621698836319
83,BBbrGzzgYK_lQTNsRFkOaA,4.5,0.510254631923115,0.5608895399161062,0.7991655876852252,0.7579959584697931
84,BGEaHwnfv2g_KWIqYma0og,3.5,0.4810264539780047,0.28357413942339693,0.7528413177960006,0.6986272733607415
85,BIN_lwo-4Y441qdDljtdlw,4.0,0.4275900789325936,0.4054198015846593,0.7368723924615164,0.6411399902445823
86,BKmKEdTZOdrOA0yHPcvjHw,5.0,0.4841969681957794,0.31373593448298814,0.7528413177960006,0.8160406940282907
87,BfIcrMq0Me0D7BBSYij7Fg,2.5,0.22844215462862055,0.24275917171582656,0.6504100129477772,0.4107727684481919
88,C-88Y8Eydcq9OY3cek--ug,4.0,0.393804286799432,0.3074106132232505,0.7368723924615164,0.7020416695700649
89,C3D5ww46iTU6LCWgSwM0vA,5.0,0.585752501733875,0.3498901391570676,0.8286577470867501,0.7289387499128981
90,CB2JSTFkUHeeFdvciBflzA,4.5,0.4676508471217676,0.28357413942339693,0.7368723924615164,0.6778621698836319
91,CJt8b6O-Tcv9Zxv-N7IT4g,4.5,0.4580402258991381,0.32398961315666813,0.7368723924615164,0.5927809908717163
92,CYFqOD7xCIxRkFexBqjZJQ,2.0,0.4603190329931637,0.2736533723949663,0.7368723924615164,0.6778621698836319
93,CtZcJUItpyAqfqZu39B9aw,4.0,0.48442815152415875,0.28357413942339693,0.7368723924615164,0.6778621698836319
94,Cucj08aCIWy9R2tjNcOx8w,4.0,0.5204597245615774,0.2858379386110925,0.7528413177960006,0.6938192460455719
95,CwtjAViLdvXurW67H-7G3Q,4.0,0.3603817827537237,0.38890738398029145,0.5958854841030068,0.6157759041181801
96,CxxAzUN3J38UTZB6MyGB3Q,3.0,0.4297367812675452,0.3039483321126572,0.7368723924615164,0.6226743780921191
97,DB1fdI2UGujYViApLsFLBg,3.5,0.4414280524455894,0.27152273786537046,0.7368723924615164,0.7076858755487423
98,DNOXngMi7USPPY5-6BY2ZQ,4.5,0.45437431883483614,0.2853718623077435,0.7368723924615164,0.6855968225210787
99,D_O7ebohrbgwRmATmVwN8Q,5.0,0.48822616334753466,0.32165923163992266,0.7368723924615164,0.7110305902027734
100,DaDeOL4oaHYgJxzi0x_mRw,4.0,0.40737805079427997,0.32325720753711956,0.7528413177960006,0.6674796181450771
101,Dbe0rGrLPZHZ0taS6oIyVg,4.0,0.4504772284421547,0.2892336373926359,0.7368723924615164,0.6778621698836319
102,Di7mzk-LE0M28-sf6v40Gg,4.0,0.4829419729845768,0.32572075371196474,0.7368723924615164,0.7006480384642185
103,DtIcA3yhAPrntUBfRJNwuw,5.0,0.4604511377522376,0.32339037219521927,0.7688102431304848,0.7278238450282211
104,DysR74Xdr8P88i-ealNHKQ,4.0,0.40873212457478786,0.4917770823623409,0.5427995971802618,0.6773743989965857
105,Dz48AHU652_zg43sBPRb9w,5.0,0.6647181214703259,0.4158066449164391,0.8439073514602216,0.6775834436624626
106,E4uunCOBjqk57GzGbXyGpA,5.0,0.564153373625285,0.20294293894400423,0.879154078549849,0.5840011149048847
107,EJae96JkY9o1tp7aOHjzMQ,4.5,0.4758083159945838,0.28357413942339693,0.7368723924615164,0.6295728520660582
108,EOmRHPvzR88a5R2j2uD0cQ,4.5,0.48598038244327757,0.3345762034755975,0.7368723924615164,0.6778621698836319
109,EWswCV97BBb0ezXRZhCoOQ,3.5,0.24997523035767366,0.5408482588720952,0.7611854409437491,0.5159919169395862
110,EaZE6xu4p9brn8gbcRrZ1Q,4.5,0.4758083159945838,0.28357413942339693,0.7368723924615164,0.6903351682809561
111,EmU5D6GKbokldlA-IZvYrA,4.5,0.49803494170877516,0.2651974166056328,0.6850812832685944,0.6981395024736953
112,EnEc1Y3dA-Pc9AznY2cXDA,2.5,0.40711384127613204,0.28357413942339693,0.7368723924615164,0.5886697791094698
113,EsMcGiZaQuG1OOvL9iUFug,5.0,0.5136563294692692,0.28357413942339693,0.7637749964033952,0.69918472580308
114,EsxEgEx9ZBzNqrgHf2pDqg,4.5,0.5739951781762939,0.45848591783740583,0.842468709538196,0.8112326667131211
115,EvIjBWlnswf-7zBXJHB9kw,2.5,0.4603190329931637,0.28357413942339693,0.7368723924615164,0.6778621698836319
116,EwOVLUgmZaHUzK_bnHHXZA,3.0,0.4758083159945838,0.28357413942339693,0.7368723924615164,0.6855968225210787
117,F-2jVzWkWJ9oidUX4xQQBA,4.0,0.4603190329931637,0.28357413942339693,0.7368723924615164,0.6778621698836319
118,F4zjU9iYXWtZdrTT4ECEVg,4.5,0.43294032167508845,0.3697982555429788,0.7368723924615164,0.7182077903978817
119,F5JVk07lTI4cjDpVSXKfhA,5.0,0.4553981307176592,0.3011518742925627,0.7368723924615164,0.6778621698836319
120,F8SewtxenrhWAUEUC8ts4w,3.5,0.40374516991974646,0.28357413942339693,0.7204718745504245,0.668803567695631
121,FG8atOE15c8IoQH_hEb9zA,4.5,0.6195052676772682,0.9550569278913374,0.7649259099410157,0.45599609783290374
122,FKtVtuM5vg1YN3Yn5yF1tA,1.5,0.4603190329931637,0.28357413942339693,0.7368723924615164,0.6265765451884886
123,FLA96RM0hM0Ej2WPusaKtQ,5.0,0.4565540473595562,0.28357413942339693,0.7368723924615164,0.6778621698836319
124,FMaxf4K9yrHFdsp0qIK7GA,5.0,0.4639849400574656,0.3300486051002063,0.7368723924615164,0.7448958260748381
125,FoE4UrH-Zg8EcNwuJgZWGA,3.0,0.4603190329931637,0.29835541647246816,0.7368723924615164,0.6855968225210787
126,Fozo0B-y42EhRMomR0K5vQ,4.5,0.602794015654414,0.3929023237232837,0.4564810818587253,0.7462894571806844
127,GEpavUjzVf5ATsGYkPu0WA,3.5,0.562799299844777,0.2894333843797855,0.7109768378650554,0.5982161521845168
128,GLKPlORydRnyFmeLK-1sHQ,5.0,0.5112123914264013,0.3519541913576136,0.9231765213638325,0.7531879311546235
129,GVnaMB4Kgg6i04-HRkEa1w,5.0,0.4590310115921926,0.3227911312337705,0.8109624514458351,0.696536826701972
130,GWlESJxGp0UwPAzimAno3A,3.5,0.44334357145216163,0.2954923763233237,0.7368723924615164,0.6778621698836319
131,GmP1Awd39Egiq_Op1TyKLw,3.5,0.4603190329931637,0.28557160929489306,0.7368723924615164,0.6778621698836319
132,GmvfPkjxhonLSaPgfNGhPw,4.0,0.36962911588889996,0.3363073440308941,0.8459214501510575,0.6836457389728939
133,GmyFrB4wEvnfwJM9KyoZ-w,4.5,0.5211863007364842,0.47453225913842456,0.6266724212343547,0.6715211483520312
134,Gp8_vPUZBncqy4Fwc8ga7A,3.5,0.39813071765910374,0.2045409148412011,0.7249316645087038,0.6090167932548256
135,H4PWUUInSMs5i8uPpMCwSw,3.0,0.4313550645662011,0.13329782275784002,0.7368723924615164,0.6352170580447356
136,HIU6U6AgilhEWVy6BNE_Og,3.0,0.4561577330823344,0.3011518742925627,0.7368723924615164,0.6122918263535643
137,HM8zaHcswoJWqIsePnxW7A,3.0,0.39842795336702014,0.28969971369598496,0.8043446986045174,0.511323252735001
138,HO1nuPD5-m7swsxJn4g7rg,5.0,0.4603190329931637,0.28357413942339693,0.7368723924615164,0.6778621698836319
139,HRukh9pr1ZCNoSPrE6icRA,3.0,0.4603190329931637,0.277914641454158,0.7368723924615164,0.6778621698836319
140,HVCSprTj_USR9HxIeoffZA,4.5,0.6276957627398527,0.5271322990878219,0.7273773557761474,0.7937425963347503
141,HWrbZS1mxVRj2Y2VwMmDMg,4.5,0.4650417781300572,0.28357413942339693,0.7368723924615164,0.6778621698836319
142,HkhmrEG8I3crc7pVVblyQw,4.5,0.45437431883483614,0.28357413942339693,0.7368723924615164,0.6778621698836319
143,HoWQT2R2mZeeGFChK3gSWw,4.5,0.4511047260477559,0.2649976696184832,0.7368723924615164,0.6778621698836319
144,HuPMymHjYL6JBgmADayrvA,4.5,0.46322533769279045,0.2909647779479325,0.7368723924615164,0.6778621698836319
145,Hz1F5uruPe1kCsf5PIA6Sg,4.5,0.9168400541629511,0.2396298022504826,0.7280966767371602,0.43655494390634814
146,I5TgzHGJI3jvJq6xdauLPA,3.5,0.43003401697546156,0.23583460949464005,0.7368723924615164,0.6778621698836319
147,IRKCvukCnUEERIcXDYJjtg,4.5,0.46675913999801844,0.34196684200013305,0.7368723924615164,0.6855968225210787
148,IXt1wLqlpL50aic174gzAA,2.5,0.4603190329931637,0.28357413942339693,0.7368723924615164,0.6778621698836319
149,J-PO-qnU-Cz_uh7APKDt-g,4.0,0.4639849400574656,0.28357413942339693,0.7368723924615164,0.69918472580308
150,J5nk6HGHF-E6YNpat4uuUg,4.0,0.4740909541266225,0.28357413942339693,0.7368723924615164,0.6778621698836319
151,JG9YJqslJuU3Dim3wmakQg,4.5,0.37676277287889304,0.3039483321126572,0.7368723924615164,0.6855968225210787
152,JIWf7VRyXGq0Xm2X5eEj9Q,4.5,0.46180521153274556,0.28284173380384836,0.7368723924615164,0.6653194899310154
153,JXf04dg9EBlkQFs5hf4QeQ,4.0,0.36259453746821235,0.411212464211998,0.7368723924615164,0.7723503588600098
154,JeY7qm3p-K5ZhF0dPbSQwA,3.5,0.43990884771623906,0.32891670550635854,0.7368723924615164,0.6778621698836319
155,Jl9w5WVI9qdDtKIwZnHKGw,3.0,0.4711185970474587,0.30854251281709827,0.6004891382534887,0.676538220333078
156,JmdgFq9sgXUIzeqalwrTRA,3.5,0.4366062287393904,0.3367734203342432,0.7368723924615164,0.6933314751585257
157,K7f0tQ97HJz6YtSW_ycDEw,4.5,0.45437431883483614,0.342499500632532,0.7368723924615164,0.7530485680440387
158,K8M3OeFCcAnxuxtTc0BQrQ,4.0,0.469236104230655,0.7093681336973164,0.5463962019853258,0.6559821615218452
159,KCxdy3cm7H0jXnDhhPvBYw,4.0,0.6048416394200602,0.34196684200013305,0.716012084592145,0.6338234269388894
160,KIlGZ7hS7X26YvuzzCT5Yg,4.0,0.4825786848971235,0.39283574139423383,0.8718170047475184,0.6778621698836319
161,KR89_v-jKxf4_l8h8k4jyQ,3.5,0.3501766901152614,0.23956321992143279,0.7528413177960006,0.695421921817295
162,KVpSAAYSAmazhMi7LraO6Q,3.0,0.4603190329931637,0.28357413942339693,0.7368723924615164,0.6543098041948298
163,KWYZJbxBioJwsxJysdUG9g,4.0,0.4602860068033952,0.37126306678207593,0.7368723924615164,0.6778621698836319
164,KmFK7lwy-TlFOosOncFLcA,5.0,0.4704250470623205,0.34369798255542966,0.7368723924615164,0.7058044735558499
165,Krm9dSjhfmNH5LlhOKGPYg,4.5,0.3818818322930084,0.3653372394966375,0.7154366278233347,0.7251062643718208
166,Ky0gfIL4349HicaGlOz1_Q,4.5,0.4697975494567193,0.3179306212131299,0.7204718745504245,0.676538220333078
167,L7wyRIU1j9vRnoEs7DmatA,4.5,0.45929522111034055,0.38764231972834395,0.7368723924615164,0.6730541425684622
168,LS4qdaBXNj7Q79nuMNaZ9w,3.5,0.3656989993064501,0.2776483121379585,0.7109768378650554,0.7117970873109888
169,LSxHsjO_CNbH-NE3lvwKaw,2.5,0.4014333366359524,0.28357413942339693,0.6309883470004315,0.6778621698836319
170,LZY382ncwmmYLVKUjB1SFg,3.5,0.4451269856996599,0.26706172181902915,0.7368723924615164,0.69918472580308
171,LigM--z6V3dgI56W09_nUw,4.5,0.4704250470623205,0.28357413942339693,0.7368723924615164,0.668803567695631
172,LwsGolUPGcTP_SlfQroUyA,4.0,0.47947422305888576,0.28357413942339693,0.7368723924615164,0.6778621698836319
173,M4BZ2okdWuc7MqeBjtnDRQ,1.0,0.45361471647016094,0.28357413942339693,0.7368723924615164,0.6303393491742737
174,M6MiFQqy9f2a1EI3x05pmg,4.0,0.49235443706859544,0.2566082961581995,0.7528413177960006,0.668803567695631
175,M833lIp7o8sSfbmY6V-StQ,2.0,0.4639849400574656,0.22092016778746915,0.7368723924615164,0.6778621698836319
176,M8GLEDZnkNQ7EzH_EQedBw,5.0,0.4603190329931637,0.28357413942339693,0.7368723924615164,0.6778621698836319
177,MG5Mwc-dA34-L2LUCv43jg,5.0,0.5237293173486576,0.28357413942339693,0.7368723924615164,0.6778621698836319
178,MKd_EUD0PG__cOfIbeqYAg,4.5,0.584728689851052,0.9545242692589384,0.7109768378650554,0.7181381088425894
179,MUS89o9JnvfqsDhFcW1Cfg,4.5,0.4951286370091484,0.368666355949131,0.7528413177960006,0.6766775834436626
180,MWWOPM-o6lCEQ_SyD9AoaA,3.5,0.4276891575018991,0.2848392036753445,0.7368723924615164,0.612431189464149
181,MdjZQiYwl8tljeAbx_fFZQ,4.5,0.4234948314013013,0.2596045009654437,0.7368723924615164,0.8141592920353983
182,MskQyUSHvBEEtztwwOqsug,4.0,0.45853561874566534,0.25148145682135953,0.7368723924615164,0.6720089192390775
183,MyITm7hhBUqRmz2PqlfhOw,4.0,0.48475841342184356,0.3155336573673346,0.7368723924615164,0.6320813880565815
184,N-COeLWbWoWNlDkFt0EeGw,3.0,0.4292083622312495,0.11731806378587119,0.7368723924615164,0.6778621698836319
185,N60yOH1GpH8wE9kln7m3XQ,4.5,0.5213184054955581,0.2954923763233237,0.7368723924615164,0.6778621698836319
186,NKJaFwykv90TS54XxB937g,5.0,0.4603190329931637,0.2962247819428723,0.795281254495756,0.6778621698836319
187,NQN-ERs976mbnP6rkMwKtQ,4.0,0.5417946431520196,0.42046740794993,0.8459214501510575,0.7067103337746499
188,NSo7OsZEwtFpSUBV7QmELg,4.5,0.4690709732818126,0.30854251281709827,0.7368723924615164,0.7058044735558499
189,NV9ftiLhePO0bNE1z8y6qw,4.0,0.41669143630899314,0.24748651707836736,0.7829089339663358,0.4683994146749356
190,NVqJEUQnvdm4eTXhb3TcHQ,5.0,0.4603190329931637,0.3039483321126572,0.7368723924615164,0.6778621698836319
191,NWfiyKZS8f_x7To-hwLd6Q,3.0,0.4264341622906966,0.28450629203009514,0.7368723924615164,0.7455229600724689
192,Ncvd4l3zo72FUK5kovQhYQ,4.0,0.5062584629611282,0.5192090019308874,0.6163141993957705,0.7346526374468678
193,Nj3DwfsDAwogVyFrGKxgnA,4.0,0.46339046864163286,0.3113389706371928,0.7368723924615164,0.6778621698836319
194,NroyyTFsCWXnqUIn5UXFlQ,4.5,0.5106179200105685,0.36979825554297874,0.6337217666522802,0.8372935683924466
195,Nu8xtxng4PKFQV1CBLeHgA,5.0,0.46675913999801844,0.28357413942339693,0.7368723924615164,0.7264998954776671
196,NwU-HudLWIL1GC-eTdb3Tw,5.0,0.4754780540968989,0.28357413942339693,0.7368723924615164,0.668803567695631
197,NxmHbENUvV_cLRdXES1Jkg,4.0,0.43766306681198197,0.29529262933617406,0.778593008200259,0.736673402550345
198,Ny3fbYH-tFnSX9bvTQRvfw,4.0,0.4639849400574656,0.3011518742925627,0.7368723924615164,0.6778621698836319
199,O-fYUqXjkwNvRfFnlUH6Iw,3.0,0.4502460451137753,0.2225847260137159,0.5947345705653863,0.7485192669500385
200,O8LGIntnNi4tgMyPQT2myg,3.5,0.41345486971168144,0.5358545841933549,0.799884908646238,0.5948714375304858
201,ODIGLVb1FkessrUsBiIheA,4.5,0.49694507744641514,0.27218856115586915,0.7368723924615164,0.6660163054839385
202,OYPsDi3aFc3fpUxo1Ik7yQ,4.5,0.5348591433006376,0.3140688461282375,0.7368723924615164,0.7126332659744966
203,OZdyrjtRDat_RL3n5ku3pQ,4.0,0.4603190329931637,0.2736533723949663,0.7368723924615164,0.6810675214270783
204,Ou1eo0K1F3AReNg2Z3kjYQ,3.0,0.4414610786353579,0.3113389706371928,0.6227880880448856,0.6903351682809561
205,Oy9xDxD-JtUzSurhOhboLg,4.5,0.4204564219426005,0.4133430987415938,0.7808948352755,0.6392585882516899
206,P5L7HsRmsOYzbpzsIa8AEA,4.5,0.48337131345156714,0.33743924362474187,0.7368723924615164,0.6778621698836319
207,P7tnvgfHFCretdRxIEwbPw,4.0,0.44727368803461154,0.1753112723883081,0.7204718745504245,0.7104034562051427
208,PHnlbOQx9-fsIO6t4UByYA,4.0,0.398626110505631,0.31566682202543433,0.7368723924615164,0.6262978189673195
209,PnfQvtyc5QNcKj7UCY-Riw,4.0,0.4856501205455927,0.2673280511352286,0.7368723924615164,0.710055048428681
210,Pz_qQdmstSxmyFw1r0enDw,3.0,0.4613098186862183,0.2810440109195019,0.7368723924615164,0.6241376907532576
211,Q8b36PEPL61nxeQDcLBV7g,4.0,0.4860464348228146,0.3275184765963112,0.8479355488418933,0.6967458713678489
212,QEBS_iXJeUvZEP-tvoGAkg,4.0,0.4603190329931637,0.28357413942339693,0.7368723924615164,0.6778621698836319
213,QHr_fc_TLnGfUEuDEa2jDg,3.0,0.4578420687605272,0.3147346694187362,0.7368723924615164,0.673681276566093
214,QIahrchu9mUW8DGZla8c7w,4.5,0.46405099243700265,0.236367268127039,0.7368723924615164,0.6100620165842102
215,QQBk_36xFbNTp9kF0ZGHvA,4.5,0.5106509462003369,0.3616752113988946,0.7368723924615164,0.6778621698836319
216,QWA-sRNX-9npPFCkTIkxng,4.0,0.4603190329931637,0.28357413942339693,0.7368723924615164,0.6903351682809561
217,QYt6hKIEkwaBtIaemaZAsQ,3.5,0.40896330790316726,0.2854384446367933,0.7368723924615164,0.6213504285415652
218,QbMO_EunVMok_X01SkuJcw,4.5,0.4780540968988409,0.36453825154803904,0.677024888505251,0.7099853668733886
219,Qmx1rFrQHpcYT6XPNgv0zQ,3.0,0.3296674262690314,0.2960250349557227,0.3947633434038268,0.736673402550345
220,Qnspfy4Id5Vyd64FDQ9nxw,3.0,0.44010700485484994,0.2666622278447299,0.7368723924615164,0.6778621698836319
221,QofXroW2R5FzOzY4TdLTGQ,4.5,0.4354503120974934,0.28357413942339693,0.7368723924615164,0.6778621698836319
222,Qq8wydPBneDLtW671iOQDw,4.0,0.4683774232966743,0.28597110326919223,0.7368723924615164,0.6778621698836319
223,QqGMtc24VdCzYAajw1g4bA,4.0,0.44664619042901027,0.5821293028830147,0.868364264134657,0.43453417880287093
224,Qs7X8UTwtp9SvtxvEP4hLg,5.0,0.4758083159945838,0.3241893601438178,0.7528413177960006,0.6637168141592922
225,Qs_5WTpjfXI-BPO8F1s1OA,5.0,0.44605171901317753,0.30534656102270447,0.7368723924615164,0.6778621698836319
226,R1GwW4C1gh2Nmue9K0WYVA,4.5,0.6354899435252155,0.4921765763366401,0.7105452452884478,0.6137551390147029
227,R1r4MkEQDJSdZUxEDcIG5w,4.5,0.6136266058984775,0.3771223117384645,0.7364407998849086,0.667897707476831
228,RBiJRcNC7NoDf-XYMFrCBg,4.5,0.49123154661646695,0.4718689659764297,0.6492590994101568,0.7236429517106823
229,RJatAMr5N9BCkrDWSSi7-g,5.0,0.4647775686119093,0.3039483321126572,0.7368723924615164,0.6855968225210787
230,RN0BrjsrPCkzSCRL9xvf0g,3.0,0.4466131642392418,0.29835541647246816,0.7368723924615164,0.7039927531182496
231,RO_2jQaIM3FxlyV9hjW_Sw,2.0,0.4377951715710559,0.28357413942339693,0.7368723924615164,0.6473416486655983
232,RXyBD1euUHNxhU3_LE7z6Q,3.0,0.4049010865616435,0.25021639256941197,0.7368723924615164,0.5821893944672846
233,RZsk15TxnePHuL9l9jL51g,2.0,0.43046335744245195,0.28357413942339693,0.7368723924615164,0.6252525956379347
234,RdEb3U0CDIXElVJe3w5n6g,4.0,0.4387859572641105,0.28357413942339693,0.7368723924615164,0.6778621698836319
235,RgZBGd0IhjZapoNd6RvhHQ,4.5,0.4117705340334886,0.35781343631400214,0.7368723924615164,0.7088007804334194
236,RoSo1r-ATvtgxd6sNJvzpg,4.5,0.5146471151623238,0.28284173380384836,0.8604517335635161,0.6345202424918125
237,RqmORv3974ZDC6Zh4nSQwg,4.0,0.29086165329105984,0.813169984686064,0.46108473600920735,0.5569646714514669
238,S-WbBty-kGOO3Fmwx3Jmlw,4.0,0.41068066977112855,0.25347892669285566,0.0,0.6782802592153858
239,SHlfx41Mo4dk2WR1VyT2_Q,4.5,0.5361471647016084,0.4684066848658365,0.7204718745504245,0.826283882656261
240,SLc54id9GKnHXaT_07WbFg,4.0,0.500677036890254,0.3136027698248884,0.7368723924615164,0.5984251968503937
241,SZ8wQ0u11V3gCkOI8JEVCQ,3.0,0.38650549886059654,0.2939609827551767,0.7368723924615164,0.673681276566093
242,SaBQcVm_qyRbiQBcVgAa1Q,4.0,0.4704250470623205,0.28357413942339693,0.7368723924615164,0.6778621698836319
243,ScGf3uUlHqlXpyOZ2DXTFw,3.0,0.4262029789623172,0.06365270657167582,0.7368723924615164,0.562539195874852
244,Sd6kNeNCpY3FkGF-RmjQHw,4.0,0.4357145216156413,0.27651641254411075,0.5429434613724644,0.6799526165424012
245,SgEeVAVCVpDKvGem7g8fEQ,5.0,0.46675913999801844,0.3448298821492775,0.7368723924615164,0.6778621698836319
246,SpXBHrRfXJdocVkQa16zxg,3.0,0.3741537038871826,0.20241028031160524,0.7368723924615164,0.5846979304578079
247,Sr0M-89BdPm0Wy4zvBp_8g,4.0,0.4687076851943592,0.3142020107863372,0.7368723924615164,0.6778621698836319
248,SyzmdHL5CW0lEeOl86kABw,3.5,0.4378612239505929,0.28357413942339693,0.7368723924615164,0.6601630548393841
249,T3_-xKdPXzFbrS2py1a_wA,3.0,0.47957330162819123,0.28357413942339693,0.7611854409437491,0.668803567695631
250,T8_NXVNymIRXsI7AcWgBcQ,4.5,0.46467849004260386,0.2687928623743258,0.7368723924615164,0.6855968225210787
251,T8c7Yl2Xp3cUkSfiRZpKMA,4.0,0.4204564219426005,0.37079699047872683,0.7715436627823334,0.7105428193157272
252,TKl7B-aVZY331W7e2Qd9Zw,3.5,0.4104825126325176,0.326586323989613,0.6012084592145015,0.6570970664065222
253,TmGxQgFdiG585PCs_2hCew,4.5,0.4762706826513426,0.34935748052466864,0.6967342828370019,0.6839244651940632
254,U9KR7K5cdKy5kOr7UsG6EA,5.0,0.384160639387034,0.324056195485718,0.5968925334484247,0.7880287088007805
255,U9vCFCDQMQ8GFr5z48h8tQ,5.0,0.5103537104924205,0.29422731207137615,0.7637749964033952,0.7185561981743432
256,UVoIcd5KP3HZV6TP0oiFrA,4.0,0.4271277122758348,0.29535921166522394,0.7368723924615164,0.6778621698836319
257,UZ5Dka93BzTOjNhGktkvBQ,5.0,0.4603190329931637,0.28357413942339693,0.7368723924615164,0.6778621698836319
258,Uaa7D8zrRUQRhMZjhGXM5g,4.5,0.4161299910829288,0.2909647779479325,0.7368723924615164,0.69918472580308
259,UdHRPszFOKuVs_8ZplzUhA,3.5,0.3224016645199644,0.19195685465077564,0.764494317364408,0.2924534875618424
260,Uh6EhbFKgQlhVpfvnqsfHA,4.5,0.4351861025793455,0.3971635927824754,0.8820313623939001,0.6723573270155391
261,UoMijE0Ae_K6O6Vq7wNEOw,2.5,0.4603190329931637,0.28357413942339693,0.7368723924615164,0.6778621698836319
262,Uxjr17Us80sEhKCQxJch8A,5.0,0.44945341655933163,0.3142020107863372,0.7368723924615164,0.6778621698836319
263,Uylbni1gZLU9NYI2gwQKdQ,4.0,0.4603190329931637,0.2954923763233237,0.7368723924615164,0.6778621698836319
264,V0bvQOJKi9FfK-SkWJoNWw,3.0,0.45780904257075866,0.31773087422598034,0.5947345705653863,0.7185561981743434
265,V7d9l4OboubqTwRcSDE84A,3.0,0.5064235939099707,0.22464877821426188,0.7368723924615164,0.6778621698836319
266,VII-cR-cT9IMzxEtuUl4GA,3.5,0.4603190329931637,0.28357413942339693,0.7368723924615164,0.6778621698836319
267,VNyrLWOqd8o6RdKs0I6Fwg,4.5,0.5739291257967569,0.3113389706371928,0.7528413177960006,0.6752142707825239
268,VT8vUd-2s5IdvSNwhNHkpg,4.5,0.6791505663991546,0.3984952393634728,0.5560351028628974,0.651940631314891
269,VaQhUU3P4Z5A3oYPsEMbkw,4.5,0.4185739291257969,0.8069112457553762,0.6351604085743059,0.7685178733189325
270,Vg0vloTvPK7G8Cfs2mO76g,4.5,0.4949304798705374,0.3102736533723948,0.7368723924615164,0.6778621698836319
271,VhEWjWUrcHFFNAyZN-TzyQ,4.0,0.5371709765844316,0.3333777215526998,0.5822183858437635,0.6804403874294475
272,VqPEQ7vi8jtW5e7Ub10KXQ,4.0,0.5012384821163183,0.29835541647246816,0.7528413177960006,0.6778621698836319
273,VwIl27-pUzifqTsSja1s3g,4.5,0.45602562832326043,0.28597110326919223,0.7368723924615164,0.6933314751585257
274,W7gGZgcgzv-LFvk-s5csXg,4.0,0.5199973579048186,0.45302616685531644,0.727808948352755,0.5599609783290364
275,WOvR9fzuRR1y5LUPfvwYuQ,4.5,0.4603190329931637,0.28357413942339693,0.7368723924615164,0.6778621698836319
276,WXXHPnQ5ADn3mSbFmASHug,3.5,0.452194590310116,0.28357413942339693,0.7368723924615164,0.6778621698836319
277,WoPfxF4x9AWH9SxOJtCPFg,4.5,0.4799035635258761,0.28357413942339693,0.7626240828657748,0.6453905651174136
278,WoiOpMEcbAfOqNYXqDwm3Q,4.5,0.47303411605403095,0.0,0.7528413177960006,0.692983067382064
279,WthUXmfVevQPMZ_LB2-q-A,4.5,0.4783843587965257,0.5329249617151607,0.7368723924615164,0.8071214549508745
280,Xdd6CNWA5RFvsweTbQ47Ow,3.0,0.34195316886290833,0.22138624409081822,0.7154366278233347,0.7164657515155739
281,XxoVuGxIRg0e9RevFhWFag,4.5,0.4702599161134781,0.29922098675011644,0.7368723924615164,0.6855968225210787
282,XzV11KRNHlUaIweyKH21wA,4.0,0.5991941609696491,0.4005592915640188,0.5947345705653863,0.7383457598773605
283,YAh8NNgq3vSRxQW6PQQ5Yg,4.0,0.3960830938934576,0.21379585857913302,0.9062005466839304,0.6855968225210787
284,YJA8z0m0B8K9zQrmBoHaeA,5.0,0.4885564252452195,0.35222052067381304,0.7368723924615164,0.6855968225210787
285,YTvmCEf-udtvxPglJ5L1iA,4.0,0.4511047260477559,0.28357413942339693,0.7368723924615164,0.6778621698836319
286,YVrGlYTCU0ET2n_efLb78g,5.0,0.4603190329931637,0.28357413942339693,0.7368723924615164,0.6778621698836319
287,YXEasvfJsK-U5zCkZxelhQ,3.5,0.46722150665477735,0.28357413942339693,0.7368723924615164,0.6778621698836319
288,YadN7pDaK36He8mslyy5xw,3.5,0.4755110802866674,0.2649976696184832,0.7368723924615164,0.6778621698836319
289,YtZNYWsQla7hwiE7PSVD-A,2.0,0.4537137950394664,0.1851654570876889,0.7368723924615164,0.6778621698836319
290,Yx7nuv4EVV-99PT1oR2AKw,3.5,0.5013045344958552,0.23197283440974756,0.7368723924615164,0.6778621698836319
291,Z2NIEKTVVP2nEmOF4jNxqQ,4.5,0.699131411209089,0.5043611425527663,0.5295640914976262,0.7177897010661279
292,Z5qUIUxv9XAjC1NPy5QUfw,4.5,0.4661646685821858,0.26146880617884005,0.7368723924615164,0.7253153090376978
293,ZB368AhxTlEVyWzT05Uksw,3.5,0.4603190329931637,0.28357413942339693,0.7368723924615164,0.6855968225210787
294,ZJbYPQXVykwmjcvvIXS2EQ,4.0,0.4603190329931637,0.2662627338704307,0.7368723924615164,0.6778621698836319
295,ZR_UyVncA3R3pQu79MGr_A,3.5,0.42636810991115964,0.42665956455156784,0.6282549273485829,0.37579262769145017
296,ZVWSOxlmz1yJfbZaJwYOug,4.5,0.4767000231183329,0.42665956455156784,0.7368723924615164,0.6778621698836319
297,ZrNuzOZAr6UwQoJ9JNYWWw,5.0,0.4603190329931637,0.3011518742925627,0.7368723924615164,0.6778621698836319
298,_39OLUYrHvOAxfg3kcgZxQ,5.0,0.5190065722117639,0.32612024768626396,0.7368723924615164,0.7074071493275731
299,_6C-yZCmIyOmPESJbwyaSQ,4.5,0.3992205819214638,0.3921033357746853,0.7135663933247015,0.6403734931363668
300,_6EzZ_7cT7LUCgyIuRUEJw,1.5,0.4603190329931637,0.28357413942339693,0.7368723924615164,0.6778621698836319
301,_6nBPPPoyrTtqD1pEEMgbw,3.0,0.4603190329931637,0.28357413942339693,0.7368723924615164,0.6778621698836319
302,_90zPZXAohZpRLGOx4ExrQ,4.0,0.42531127183856804,0.37239496637592373,0.7368723924615164,0.7099156853180963
303,_XlO-uEB3ZMA19Q8Ljbipw,4.5,0.5967171967370125,0.4766628936680203,0.7528413177960006,0.542819315727127
304,_YbzxBhz0L7tV-f8KGiNDA,4.0,0.48000264209518156,0.2132631999467341,0.7808948352755,0.7745801686293639
305,_ewDPNKX5MsTGl2JebHvMQ,1.5,0.4603190329931637,0.28357413942339693,0.7368723924615164,0.6778621698836319
306,a-1xCtrEkpiwOPuKKWosZQ,4.0,0.4549687902506689,0.33803848458619074,0.7368723924615164,0.6778621698836319
307,a-YTE0oKRdIq8GdQ97X-_Q,3.5,0.4242544337659765,0.6579665756708167,0.6517047906776003,0.33140547697024597
308,aAezZJlhii3kDhtxBTXNuw,5.0,0.4659004590640379,0.2823090751714494,0.7368723924615164,0.7020416695700649
309,aJwVO17rF28WPCWes9qCkA,4.0,0.38614221077314315,0.38011851654570866,0.7368723924615164,0.6855968225210787
310,aMaTfq-8li4OFvX4kAQLhw,4.0,0.4827768420357344,0.34642785804647436,0.7978708099554022,0.7020416695700649
311,asls06FL7gbC5DMz8AMzlA,4.5,0.5150764556293141,0.34696051667887334,0.7734138972809668,0.7207860079436973
312,ay8R8W91B7Mm-dv4O6apEg,4.5,0.48280986822550287,0.3062787136294027,0.7368723924615164,0.6778621698836319
313,b6vi3Ub0tbGzGtG-pVgJfQ,4.5,0.4603190329931637,0.2736533723949663,0.7286721335059704,0.6855968225210787
314,b8WmIVLCvMYylVedI_nXjw,3.5,0.47148188513491207,0.28956654903788526,0.7368723924615164,0.6778621698836319
315,bGdsMEAf6cijRl-trr1iCg,4.0,0.4553981307176592,0.27218856115586915,0.7368723924615164,0.7300536547975751
316,bLva9YGmDcnar3YKHE2XzA,3.5,0.4350209716305031,0.2995538983953658,0.7154366278233347,0.6674796181450771
317,bXCWON2Me0o86qvAb-XZPQ,4.5,0.46543809240727896,0.718356748119049,0.6200546683930369,0.9681555292314126
318,bfZiZgeIB9txFq4Zgl1yRA,3.0,0.4016314937745633,0.3444969705040281,0.7853546252337793,0.5421225001742039
319,bywPKk3pvRBxwMWrFVD7Lw,4.0,0.48178605634267985,0.3872428257540448,0.7368723924615164,0.6658072608180615
320,cEtvNfDOSjvT7k_-fe8ISQ,3.0,0.40982198883714793,0.3039483321126572,0.7368723924615164,0.6890112187304022
321,cF94J7DhVdKWGMkDYmgyxQ,4.5,0.4704250470623205,0.28357413942339693,0.7368723924615164,0.6601630548393841
322,cFWfBh_oCv85WFA6ehP2PQ,4.0,0.35555995904752474,0.2865037619015912,0.7368723924615164,0.736673402550345
323,cPZ5ugSrVrqnqD5ZsJhnpA,3.5,0.22688992370950162,0.2642652639989346,0.7368723924615164,0.5911086335447009
324,cmaPrML-0zCJOs8_1VYmaw,4.5,0.5292446910399948,0.39583194620147805,0.7993094518774276,0.6252525956379347
325,cnc8kM9UnK97zm0knxI46A,4.5,0.4499488094058589,0.2622677941274385,0.7368723924615164,0.6651104452651384
326,cvM7SnDFJdaUGJXxzz_Z2Q,3.0,0.4603190329931637,0.28357413942339693,0.7368723924615164,0.6778621698836319
327,d6Skwa65ZxoO0NCBbzKlhA,3.5,0.435219128769114,0.2909647779479325,0.7528413177960006,0.6778621698836319
328,dG-N36uSMeoqCrU27At-Qw,3.5,0.35328115195349913,0.2909647779479325,0.762192490289167,0.6075534805936869
329,dJ0R-XT78LUQeNHQkD-G9g,3.5,0.4593612734898776,0.3039483321126572,0.7368723924615164,0.6903351682809561
330,dMLGSQlmo6MhLD18grRENA,4.5,0.45077446415007105,0.4426393235235367,0.8030499208746943,0.69918472580308
331,dRbmeC5hl211hH-WeMtv-g,4.5,0.41243105782885836,0.6900592582728541,0.5508559919436052,0.7044805240052958
332,dld6pdZwpmyMByl2xTbRRg,4.5,0.4412298953069785,0.28357413942339693,0.7368723924615164,0.6778621698836319
333,dukZ5XrXMMu21SnGjPF4_g,4.0,0.41391723636844024,0.27218856115586915,0.6227880880448856,0.69918472580308
334,e7w5HzwQEbFQn5xB5dviZQ,5.0,0.4761385778922686,0.28357413942339693,0.7460797007624802,0.6778621698836319
335,eNc79h90mhuQDSE94fcGUQ,4.5,0.46675913999801844,0.2909647779479325,0.7368723924615164,0.6778621698836319
336,eY3A2vtjccBfMXaybhS0yQ,3.5,0.4603190329931637,0.2909647779479325,0.7368723924615164,0.6778621698836319
337,f3y-4wAlDodHv-3Qnrg-vQ,3.0,0.4603190329931637,0.28357413942339693,0.7368723924615164,0.668803567695631
338,f78Acx0_Yl_93mqRzq5IUQ,4.0,0.5153736913372304,0.2558093082096011,0.7368723924615164,0.69918472580308
339,fJibIXjJJPL_DicEfOpYNA,4.5,0.4453251428382708,0.32671948864771283,0.7501078981441519,0.6892202633962791
340,fOiEnLJk4qnp8j7onjvm4A,4.5,0.4732652993824103,0.28969971369598496,0.7109768378650554,0.6778621698836319
341,fVFUFPELfVp0j2sS85BA9Q,4.5,0.5132930413818159,0.3715293960982754,0.4120270464681341,0.6938192460455719
342,fVLjkKl1vP-jQEG9GBEOog,4.5,0.4993890154892831,0.3262534123443637,0.7688102431304848,0.6632987248275383
343,fYvGO1IYAmGpSYlSY6VlYg,4.0,0.4407345024604512,0.28357413942339693,0.7368723924615164,0.6778621698836319
344,fdCfF3DWRPaMbkxVuwbkOw,5.0,0.41916840054162957,0.29835541647246816,0.7847791684649691,0.669918472580308
345,flOEjRpPmiO42oRmJ51glw,4.5,0.46623072096172274,0.28357413942339693,0.7626240828657748,0.6778621698836319
346,fvaOb76lVSZ1hqcMRjGxIw,4.5,0.530070345784207,0.28357413942339693,0.7204718745504245,0.698069820918403
347,fzPp9ZdDhOovfqH_-Ksk-A,4.5,0.5175534198619506,0.3522871030028629,0.7462235649546828,0.8087241307225977
348,fztPJ0pazo-QwncprOjGOA,4.0,0.46068232108061696,0.3618749583860442,0.6266724212343547,0.7506097136088078
349,g2CMpjM8bBNQOQPIi4DKIw,3.0,0.44466461904290105,0.3355083560822957,0.7368723924615164,0.6778621698836319
350,gMYIMk9hpkNKTbdfP0MYRQ,4.5,0.4872023514647116,0.3510886210799653,0.7368723924615164,0.6940282907114488
351,gfIVwp0RkM5yMa1u3mbB4Q,4.5,0.577462928101985,0.47126972501498093,0.7368723924615164,0.6749355445613547
352,gypeQSuD8-09CtzkZSWfxw,4.5,0.4661976947719543,0.2909647779479325,0.7368723924615164,0.6778621698836319
353,gzglb8NszrEtF1pWSrvjtg,4.0,0.48363552296971507,0.3039483321126572,0.6850812832685944,0.6855968225210787
354,h5XqYtEmRuQ6yI0IyG6oNQ,4.5,0.5565903761683015,0.3118050469405419,0.3901596892533448,0.6173785798899032
355,hD77eYBzX0yQfpAUMY8dEw,4.0,0.45060933320122865,0.30867567747519803,0.7368723924615164,0.6855968225210787
356,hDRjIbbseWN7ZSVZy2t2fA,4.0,0.4322797978797187,0.3588787535788001,0.5284131779600058,0.6110375583583026
357,hDspN9Uf6wE0jAhKMI1-xQ,4.5,0.46025298061362674,0.28357413942339693,0.7368723924615164,0.6778621698836319
358,hFkY-4JhWPc2LDRj2eyBSA,3.0,0.4603190329931637,0.28357413942339693,0.7368723924615164,0.6778621698836319
359,hG-DApl-ua15fbIqav7-IA,5.0,0.48730143003401705,0.32612024768626396,0.7649259099410157,0.6855968225210787
360,hMH0K8ASyvUcK1dhvIRC-A,4.5,0.48234750156874406,0.34256608296158186,0.7368723924615164,0.6814159292035399
361,hMKGFZMmho5frQThLUJDLQ,4.5,0.548135671587569,0.32725214728011176,0.7368723924615164,0.6855968225210787
362,hOoM1--DNrkTzWJXJxQfEg,5.0,0.48954721093827414,0.27218856115586915,0.7368723924615164,0.6226046965368267
363,hZ14E6vezwusSZaF83WlxQ,4.0,0.3874962845536511,0.3170650509354816,0.7368723924615164,0.6892899449515714
364,hfawbr8I0EH6BYcpDcVHtw,5.0,0.4548036593018265,0.36060989413409666,0.7528413177960006,0.6903351682809561
365,hizOy2ESSnxJWJdb3s_tFw,3.0,0.4603190329931637,0.2370996737465876,0.7368723924615164,0.6521496759807679
366,hnWO0q9Mob9NNPXGeYyi5A,3.0,0.41021830311436974,0.1855649510619881,0.7368723924615164,0.6778621698836319
367,hqAmmu4_vMGFSZwGauMAUg,5.0,0.49430298226493613,0.3111392236500432,0.8105308588692274,0.6674796181450771
368,hzyvL2v97xLzLbLXcdi1uw,4.0,0.5974437729119192,0.8389373460283638,0.49561214213782184,0.25970315657445475
369,i3aIqwqXejQVMKBHKeMUig,4.5,0.5231348459328248,0.2508822158599107,0.7637749964033952,0.644624068009198
370,i6x-Wf2uvx4YydJpPmaXmg,3.5,0.35615443046335754,0.2898994606831346,0.6282549273485829,0.7065709706640654
371,i7TFQpKD-xBFkJTea9LASQ,4.5,0.47973843257703364,0.4622145282641985,0.6109912242842757,0.6307574385060275
372,iDty9l-Hsdb2ntXVF7PSfw,4.0,0.5155718484758415,0.3890405486383912,0.7368723924615164,0.7037140268970804
373,iGpQdPxvOI7eWeSTYMnNeA,4.0,0.5115096271343176,0.3016845329249616,0.6781758020428715,0.7337467772280677
374,iJd7vK83D5pQP6dFVypl9g,3.0,0.4453251428382708,0.28357413942339693,0.7368723924615164,0.6903351682809561
375,ihsaBetrKcBSAO4pqqL4vA,4.5,0.48366854915948354,0.35288634396431173,0.7368723924615164,0.698069820918403
376,inoMbL0EtSoZ_mfNR9SQYg,5.0,0.4730671422437994,0.3311139223650042,0.7528413177960006,0.7291477945787751
377,iv_oAa5fd2BBWc02qcMDvg,4.0,0.46183823772251403,0.34090152473533514,0.7368723924615164,0.5546651801268205
378,j3IBjxYKwh__BhA25KDeZw,4.5,0.48096040159846765,0.5035621546041679,0.7368723924615164,0.7105428193157272
379,j9mBYdR7z61X6A3K3VmKDg,3.5,0.41246408401862683,0.28357413942339693,0.7368723924615164,0.6778621698836319
380,jFUD1nx7eet2h5jGEe1DBQ,4.0,0.47227451368935575,0.34309874159398085,0.7771543662782333,0.6778621698836319
381,jIQWEioUihbEiAiNu-Rwwg,4.5,0.481389742065458,0.3034156734802583,0.7368723924615164,0.6778621698836319
382,jP4aIHwJwpkKy-V3nG8f6w,4.5,0.4360117573235576,0.32325720753711956,0.7574449719464825,0.6778621698836319
383,jPWGcicuwRxciN5WGhz_wQ,4.5,0.5962878562700222,0.3351088621079964,0.7442094662638469,1.0
384,jeOll8b1paa_9JDyOi-kXw,4.0,0.4812246111166156,0.3273187296091616,0.8372895986189037,0.7311685596822521
385,jemRU9DvmS0WGZuZ-k3jCQ,3.5,0.4603190329931637,0.3367734203342432,0.7368723924615164,0.6855968225210787
386,k5Z-2IP0qjs5_eyLJhD03Q,4.5,0.4876316919317019,0.28637059724349145,0.6191914832398216,0.6704062434673542
387,kKFUNcLklJ54zZNUk-7yjQ,3.0,0.0,0.48731606631599955,0.8194504387857862,0.47690056442059786
388,kQHSniV-vsbujvKz8rTZdg,5.0,0.4938736417979458,0.27158932019442034,0.7109768378650554,0.669918472580308
389,kcuz8QtDYfyFwVt1sWCHyw,4.0,0.4819842134812907,0.2841067980557959,0.7368723924615164,0.6778621698836319
390,ks2q-AWMx_xD0FpVIBXRzQ,4.0,0.4963175798408138,0.2841067980557959,0.7368723924615164,0.6273430422967041
391,kvim5yrDt-yTITij0OV7lg,4.5,0.4704250470623205,0.28357413942339693,0.7368723924615164,0.6778621698836319
392,lDp4MbyQEj4-5kSM-4zRFA,3.5,0.41302552924469105,0.14122111991477454,0.7204718745504245,0.5999581910668247
393,lK7gnWVs81PI1XxeJ7DEPA,4.5,0.48607946101258304,0.3530860909514614,0.7368723924615164,0.6495714584349523
394,lRB4EvPM0L88f4meH9KcYQ,4.0,0.418111562469038,0.305080231706505,0.4933103150625809,0.6665040763709846
395,lUOyWmt9vJjHvpD-ORRewA,4.0,0.38402853462796005,0.24082828417338029,0.7528413177960006,0.7146540310779738
396,lYSV7xI8lhO76kZs-z2MOw,3.5,0.3291059810429671,0.16086290698448627,0.7368723924615164,0.6170301721134417
397,ldGnkfXjRNAxRP9cizgr0Q,4.0,0.4445985666633641,0.2960916172847725,0.7368723924615164,0.6175179430004879
398,lgYmim0fSvfnREyPffiNsQ,2.0,0.4603190329931637,0.28357413942339693,0.7368723924615164,0.6778621698836319
399,lnd23oqCb7v8lt9zd4K8sg,4.5,0.5690742759007895,0.5925161462147944,0.6722773701625666,0.695421921817295
400,lrWEpfID45MvNTw1z5bCJA,3.0,0.4455563261666502,0.28357413942339693,0.7368723924615164,0.6778621698836319
401,lv4erkIq2VCIOGC46T8TsQ,3.5,0.49952112024835704,0.2853052799786936,0.63875701337937,0.6789770747683089
402,m4-N0JjR_Rc2vhMpsDQgsg,5.0,0.46702334951616636,0.28756907916638913,0.7368723924615164,0.6527768099783988
403,m59upQj5qUn-termmtxTYQ,4.5,0.5680504640179663,0.27598375391171176,0.7528413177960006,0.6967458713678489
404,mBycrsguRPhI0xtFBzsz_w,4.5,0.4211169457379703,0.3407683600772354,0.7368723924615164,0.6527768099783988
405,mDmvPyRrqS1VAzYULxG3Bw,4.5,0.44935433799002616,0.23996271389573198,0.7368723924615164,0.7095672775416347
406,mNMVqHsgJq6YErFPfaUlig,3.0,0.4147428911126524,0.2909647779479325,0.5543087325564667,0.6855968225210787
407,mSVHcnKKX4CVoLtbp_PuZA,4.0,0.4603190329931637,0.2909647779479325,0.7368723924615164,0.6855968225210787
408,mXNth6j_Y8Sy7F214P1Wtg,4.5,0.5541134119356651,0.4760636527065715,0.7062293195223709,0.7214131419413281
409,mYxBkLITB0xhGH2LutxlRg,4.0,0.4334687407113842,0.3061455489713029,0.7808948352755,0.6835063758623093
410,mdKSq2mfp1M8tfbjmbyv4Q,4.0,0.31513590277089737,0.2909647779479325,0.7368723924615164,0.5688802174064526
411,mjLu2vhkeKKnchtqkylCbQ,3.5,0.4603190329931637,0.28357413942339693,0.7368723924615164,0.6799526165424012
412,mnI_n7A8sxgOSmtgI3wzQQ,4.5,0.5709897949073616,0.5580264997669616,0.7154366278233347,0.8145773813671522
413,mpVeUxAW5zY3rrbdNFeDgg,4.0,0.4603190329931637,0.28357413942339693,0.7368723924615164,0.6778621698836319
414,mreICeDmiqhIwrAJ_bsABw,4.5,0.4040754318174313,0.3288501231773086,0.7368723924615164,0.6855968225210787
415,nAdghiInFhvkq9dycI0Psw,3.0,0.4603190329931637,0.28357413942339693,0.7368723924615164,0.6778621698836319
416,nbsjdiUunohQX1JAxsqpMw,4.5,0.4561907592721029,0.32658632398961307,0.8718170047475184,0.6028151348338096
417,nc5uuDeM3EA9WJycGDeg1w,4.0,0.5030218963638167,0.3278513882415606,0.7368723924615164,0.6778621698836319
418,nn4DZsrwjtp2mFlpYbP-dg,4.0,0.4546715545427525,0.2736533723949663,0.7368723924615164,0.6674796181450771
419,nuMmehPFS5kI1_C9bBlK5A,4.0,0.49473232273192647,0.5357214195352551,0.759602934829521,0.5982161521845168
420,nuiR_GOTnqLEYefq3HCfQA,4.5,0.5019320321014565,0.37792129968706295,0.7368723924615164,0.698069820918403
421,o-0MUbfZAMCc-0h3zzau8A,4.5,0.45516694738927976,0.3742592715893201,0.7368723924615164,0.7072677862169885
422,o0--5nrZKIT5jEEnhV2Mlw,4.5,0.46517388288913114,0.3039483321126572,0.7516904042583801,0.7105428193157272
423,o9eVtV66qMtY0VmWyY2N9Q,4.0,0.6247564318504575,0.26246754111458814,0.7734138972809668,0.6396069960281514
424,oLSulsv7zuFuBL92wFssJg,4.0,0.4288120479540276,0.526000399493974,0.264997842037117,0.306320117065013
425,oNObm_C5cPaIerKUKBZ_KA,4.0,0.4704250470623205,0.28357413942339693,0.7368723924615164,0.6778621698836319
426,oP0GoJcjFmxNAmf2y6VilQ,4.5,0.4161299910829288,0.28357413942339693,0.7368723924615164,0.69918472580308
427,oS96aJIHFWcFAlGHKKXjaw,4.5,0.9063377258165727,0.5052932951594644,0.5849518054956122,0.4724409448818898
428,oUu1DlkYd2ULa6a-i2e3qg,4.0,0.5110142342877902,0.23337106331979487,0.5025176233635448,0.698069820918403
429,ogGlctEavEWSVxFQ0ju3Gg,4.0,0.422999438554774,0.2534123443638058,0.7368723924615164,0.6653194899310154
430,ohHDnTYRjHfp8yCjqT88UQ,4.5,0.47778988738069295,0.28357413942339693,0.7528413177960006,0.6778621698836319
431,omWaVK0lzIcA4lk_rBebbw,2.5,0.38492024175170914,0.3130701111924894,0.7204718745504245,0.6523587206466448
432,p5zpELzwGH_iRYSi5rRHGw,3.5,0.4098550150269164,0.32325720753711956,0.7109768378650554,0.6903351682809561
433,pFmuMpPANaAFQ1PGVv1FeQ,3.0,0.42187654810264547,0.28357413942339693,0.7368723924615164,0.6778621698836319
434,pYluNd5iBteUGUEbd4i_iQ,4.5,0.4603190329931637,0.2909647779479325,0.7368723924615164,0.6778621698836319
435,phxyADEdO9qOZmlotyXn-A,2.5,0.466792166187787,0.3300486051002063,0.7368723924615164,0.6778621698836319
436,pv__91LMXAbNX50NgeO55g,4.5,0.6935499851382148,0.38850789000599234,0.3534743202416918,0.6956309664831719
437,pvcavm_yprIRBAT24JiTRQ,3.5,0.4603190329931637,0.28357413942339693,0.7368723924615164,0.6778621698836319
438,q-yIhKfMBvot7uvQPYQ1ng,3.0,0.45833746160705446,0.2909647779479325,0.7204718745504245,0.6778621698836319
439,qAVoausNrMEByp2cFt8EaA,4.0,0.4553981307176592,0.2954923763233237,0.7867932671558049,0.6778621698836319
440,qJ-V22xGzV6IKNWA8c_Nnw,4.5,0.4603190329931637,0.2909647779479325,0.6014961875989067,0.6778621698836319
441,qUF0sJYIC-T4hmzua3lc4Q,5.0,0.4603190329931637,0.28357413942339693,0.7368723924615164,0.6778621698836319
442,qZDGwymsFYJDsqcriF4rvw,4.0,0.4676508471217676,0.2666622278447299,0.7368723924615164,0.6778621698836319
443,qa6aqyXmFsOMLt___P6wLQ,3.0,0.42854783843587974,0.24282575404487644,0.6107034958998706,0.6855968225210787
444,r4SmPdkqIazIGPHXdPOG4Q,3.5,0.41104395785858194,0.25234702709900786,0.7368723924615164,0.698069820918403
445,r6V0rVP_N2afc_BQNzfClA,5.0,0.4603190329931637,0.28357413942339693,0.7368723924615164,0.6778621698836319
446,rLNIlmJ71srkLoMFfGMvyQ,4.5,0.522672479276066,0.31540049270923487,0.7978708099554022,0.6778621698836319
447,rjntiFQT7sxfYNIhgY46rg,4.0,0.40757620793289084,0.32099340834942397,0.7368723924615164,0.6855968225210787
448,rqLksDzegxNXMWwZk3eZnQ,4.0,0.6625053667558375,0.3728610426792727,0.5891238670694864,0.9391680022298098
449,rv8g9vf8z-J1aXhRlzjTnw,5.0,0.48555104197628723,0.3414341833677341,0.7528413177960006,0.709846003762804
450,rxpiO3CB5323XsBVzMB7nw,4.5,0.4654050662175106,0.3295825287968572,0.7528413177960006,0.6495714584349523
451,rzByiKaj-bLeLz-zKNBQdg,2.5,0.45952640443872,0.3657367334709367,0.8043446986045174,0.5768935962650686
452,s1rOAKJV-cXD6hQJBQep9w,5.0,0.4603190329931637,0.3118050469405419,0.7368723924615164,0.6265765451884886
453,sC5KVDDvSt2ZbMYVL3excQ,4.5,0.4704250470623205,0.28357413942339693,0.7368723924615164,0.698069820918403
454,sWF353lIGUQVpvG_n-J2bw,5.0,0.4639849400574656,0.2954923763233237,0.7368723924615164,0.7058044735558499
455,slaDx1ywy45wF7GgEp6e8g,4.5,0.47607252551273166,0.2909647779479325,0.7368723924615164,0.6778621698836319
456,sm5Sl7z9Kx1yXExrdGuZ7g,1.5,0.38574589649592134,0.15087555762700575,0.7368723924615164,0.6778621698836319
457,t0MYpa7ZYUv7o5pBOqGfFw,4.5,0.45919614254103513,0.3608096411212463,0.7390303553445547,0.7418298376419762
458,t0jV5bO_6jydjEONI_xDDw,3.5,0.45437431883483614,0.28357413942339693,0.7368723924615164,0.6778621698836319
459,t5FvRHwOKTx5xzc8kVxxGA,4.5,0.4832722348822617,0.29336174179372787,0.7368723924615164,0.6778621698836319
460,tRDUpJ46BIe-lOmqa_phlQ,2.0,0.45437431883483614,0.28357413942339693,0.7368723924615164,0.6778621698836319
461,tcOP56tZe6hlmdUHX2EH5A,4.5,0.4603190329931637,0.2909647779479325,0.7368723924615164,0.7176503379555432
462,tgzwaYEVlDed3ofFb6P1IQ,4.5,0.47461937316291825,0.2602037419268925,0.7040713566393324,0.7058044735558499
463,ttKbmaIhQREGeT2esJnIMQ,4.5,0.45437431883483614,0.2728543844463679,0.7368723924615164,0.6855968225210787
464,txJkOk-oY900paWJQVGdVw,3.0,0.4262029789623172,0.3033490911512084,0.7528413177960006,0.7287297052470212
465,u8V4A2E_hXbZb6wPtm0AoQ,4.5,0.45437431883483614,0.28357413942339693,0.7368723924615164,0.6778621698836319
466,uFGmCUqJc0vy57IF_26u1g,4.0,0.4603190329931637,0.28357413942339693,0.7368723924615164,0.6778621698836319
467,uNBVnx12y-cRYSxukmTfnQ,4.0,0.4632583638825589,0.2858379386110925,0.7368723924615164,0.6903351682809561
468,uZBRmbonKzNnl0rwY7COrQ,3.0,0.38274051322698904,0.26539716359278237,0.7164436771687527,0.7032959375653265
469,ug0B8l5ZvO8PMykFHHw0qg,3.5,0.2908946794808283,0.28357413942339693,0.7368723924615164,0.6522193575360603
470,uj9hDVeJE0r8DPJZwFulyw,1.5,0.4603190329931637,0.28357413942339693,0.7368723924615164,0.6778621698836319
471,uujdZGu2hjCMj8AmZb4QEw,3.5,0.42293338617523707,0.28357413942339693,0.7368723924615164,0.6778621698836319
472,v-ojZBwp9wuS5pV2PnGaFg,3.0,0.47078833514977386,0.22591384246620938,0.7368723924615164,0.6778621698836319
473,v50-nvBCZNf7nCNbyUlQLw,4.0,0.47808712308860934,0.14062187895332576,0.6889656164580636,0.33056929830673826
474,v5g4Tl0Aurwr0IhQ-9GK5g,3.0,0.4613758710657552,0.233304480990745,0.7368723924615164,0.6914500731656331
475,vB-nJqN61ZtJlL4RIXvI3g,3.0,0.4668912447570924,0.27565084226646236,0.7368723924615164,0.6855968225210787
476,vGQxPGvI4QLtupSAxO8c7Q,4.5,0.45751180686284226,0.3839802916306011,0.7368723924615164,0.7047592502264651
477,vHs8vZkPdY19TVQBlfxzoQ,4.0,0.4603190329931637,0.30048605100206394,0.7109768378650554,0.6855968225210787
478,vIHEp4EbzDs8CtA-Tf3Mkg,3.5,0.46527296145843666,0.31480125174778606,0.7528413177960006,0.7215525050519128
479,vexUcWPe7RiX_Efk2Sut0Q,3.0,0.44056937151160874,0.28357413942339693,0.6656596173212487,0.5830255731307924
480,vg-r3melXfuPnjMjDp3VOw,3.5,0.4343934740249018,0.28357413942339693,0.7368723924615164,0.6778621698836319
481,vmR1bRA2liNwwxsUKS1k3w,4.5,0.493411275141187,0.4093481589986016,0.47503956265285574,0.5987736046268552
482,vpsc8vfnkaEd7-49_lz9Zg,4.0,0.3931107368142938,0.27158932019442034,0.7368723924615164,0.6778621698836319
483,vs5tgU7fn7V87awWwXQwhg,4.0,0.42808547177912093,0.3448298821492775,0.7368723924615164,0.69918472580308
484,w-zxCi0z3CokbN-GOiiUog,5.0,0.4603190329931637,0.28357413942339693,0.7368723924615164,0.6778621698836319
485,w2tr0PA0b3tg8pId0kjM-A,4.0,0.5138544866078801,0.38418003861775074,0.22327722629837427,0.652846491533691
486,wHlLjTBWPEbxHw6ZysSKIg,4.0,0.6731728260510587,0.5340568613090085,0.8669256222126313,0.5273500104522333
487,wNnPxpAOCBk2N1KTJ2PDCw,3.0,0.2772548631064435,0.35495039616485774,0.42828370018702344,0.5895059577729777
488,wcA-pfNAmxRJC9N2IcJX3w,4.5,0.4623666567588098,0.3618749583860442,0.7368723924615164,0.6823914709776323
489,wecdh-CrGtRD_sV7EvKpUQ,5.0,0.48551801578651876,0.33450962114654764,0.7748525392029924,0.6778621698836319
490,wht5FaGi7r86WKW7-VX2lQ,4.5,0.4603190329931637,0.2954923763233237,0.7368723924615164,0.6778621698836319
491,wtDLILBaj5BGEbYvWGfNUw,4.0,0.40873212457478786,0.4644783274518941,0.7768666378938281,0.6595359208417532
492,wujA3e3Q9LbvTtjkTAdzuw,4.5,0.4711185970474587,0.28357413942339693,0.7368723924615164,0.6252525956379347
493,x04vQxJuYs3p4RtxlagWQA,4.0,0.44089963340929367,0.3788534522937611,0.18544094374910092,0.6908229391680023
494,x5G0GUkGnlWtM49Qe4nHog,4.5,0.5681825687770402,0.35601571342965566,0.8862034239677745,0.7849627203679187
495,x6IffPPcCWOnVA40_joQVA,4.0,0.41513920538987426,0.28357413942339693,0.7839159833117537,0.6807887952059091
496,x8WI_GkeGHGJCXggDm8flg,4.0,0.5321509957396217,0.5068912710566614,0.46784635304272765,0.9272524562748241
497,x8i9K2iIT7MwHe1-5XC2CA,4.0,0.4529541926747912,0.24282575404487644,0.6692562221263127,0.6962581004808028
498,xA6L2w_TlbxHubb1xeBE8w,4.0,0.7895571187952046,0.2922964245289299,0.8090922169472019,0.1992195665807262
499,xQqCpVu52dCZlsoYoKRykA,4.5,0.44403712143729984,0.32931619948065777,0.7368723924615164,0.7078949202146193
500,xZfPdAYeimiruXuGR4nSUA,4.5,0.5972456157733083,0.6483121379585856,0.5504243993669975,0.6653891714863076
501,xhPdBbduivnHYTnoM0K1Bg,4.0,0.4178803791406586,0.19435381849657093,0.7368723924615164,0.6288063549578428
502,xrqzMU3dibafnu2brHq93g,5.0,0.40902936028270426,0.28916705506358603,0.7109768378650554,0.6855968225210787
503,xwEgodVIXchvoPg_VHQmoA,4.5,0.4653390138379736,0.2925627538451294,0.7368723924615164,0.6778621698836319
504,y9EJ_mD_gc6z5heohULU7A,4.5,0.513160936622742,0.3679339503295824,0.7368723924615164,0.7175109748449586
505,yCkBK7vE4KS80765vFE_OA,5.0,0.47432213745500185,0.28357413942339693,0.7368723924615164,0.6778621698836319
506,yJwHl1SyJkAz7xOxtCnqjg,4.5,0.48264473727666046,0.3417005126839336,0.7847791684649691,0.7432234687478225
507,yKJCTTGgUr8IHyQDk6NKfA,4.5,0.5185772317447737,0.27158932019442034,0.7808948352755,0.6778621698836319
508,yS_ae8BGPrcf2bFVG_hGZw,2.5,0.43234585025925565,0.17923962980225042,0.7040713566393324,0.6557731168559683
509,yUioLsYsz-oXpFhtw6qQCw,3.5,0.4603190329931637,0.29835541647246816,0.7368723924615164,0.6855968225210787
510,ybd0nXoNpGIlkL9bRChs3A,3.5,0.3839955084381916,0.2736533723949663,0.7368723924615164,0.6778621698836319
511,ydV_pHucakfLGO2TGo02XQ,4.0,0.4514349879454408,0.28357413942339693,0.7368723924615164,0.6778621698836319
512,ylLChdh7Oyx3SW8SxOTlbA,4.5,0.490967337098319,0.28357413942339693,0.7368723924615164,0.6778621698836319
513,ymRZymBOg-UfK9cV3odjqw,3.5,0.442352785759107,0.3567481190492042,0.7862178103869947,0.6955612849278797
514,ynqrs5UZJbQbiJA_9e_JAA,4.0,0.47366161365963216,0.3365736733470936,0.8014674147604661,0.6645529928227999
515,ynxsvakvMGCVLzzUvsSXmg,4.0,0.5600581260939926,0.28357413942339693,0.7368723924615164,0.6778621698836319
516,ypSDELi0xMgoChahZkB3NA,5.0,0.46702334951616636,0.28357413942339693,0.7368723924615164,0.6778621698836319
517,yt0IPg-CURvYFRcmXU1V3g,5.0,0.4758083159945838,0.27158932019442034,0.7368723924615164,0.6778621698836319
518,z5IG12AAyVW_itRg3QPupg,5.0,0.4834043396413356,0.31100605899194345,0.7528413177960006,0.6855968225210787
519,zEXPGF0mLan5M4OEzbU_gQ,3.0,0.4603190329931637,0.2789799587189559,0.7368723924615164,0.6778621698836319
520,zIrRigWBt3HspDCX3njs_Q,4.5,0.5805013375606857,0.32951594646780735,0.7368723924615164,0.735349452999791
521,zKfTRI1_hGZoxk4ox8zW4A,4.5,0.4603190329931637,0.28357413942339693,0.7368723924615164,0.7039230715629573
522,zM2tnreDSBx__LMPwkst3A,4.0,0.4755110802866674,0.31726479792263124,0.7368723924615164,0.6855968225210787
523,zMWt63bBkqRQ6c1B40q4og,3.0,0.4553981307176592,0.28357413942339693,0.5069774133218242,0.6855968225210787
524,zhPSu9zUD7FTGtCLyVPlaw,3.0,0.4441692261963738,0.16139556561688523,0.7368723924615164,0.6598843286182149
525,zrVScOF63r1LuZNbKr5qBg,4.0,0.4603190329931637,0.28357413942339693,0.7368723924615164,0.718277471953174
526,zuCu5ff06l4Pe33qYe58MA,4.5,0.47544502790713045,0.28357413942339693,0.7368723924615164,0.6778621698836319
527,zuu87Wx0Sv2KCUzY_wGSKQ,4.0,0.4737937184187061,0.27844730008655694,0.7528413177960006,0.6778621698836319
528,zyRhwC9zs34LeYYfGc4gBA,4.5,0.46134284487598676,0.36154204674079493,0.7368723924615164,0.671451466796739
529,zzZfgEpwrpi4Ywdaj3OIuQ,5.0,0.5809637042174445,0.37632332378986605,0.7368723924615164,0.7339558218939448
