,names,stars,NOTbad,NOTgood,NOTmuch,amaz,averag,awesom,bad,basic,beauti,best,better,big,clean,complet,cool,crowd,deli,delici,disappoint,easi,fantast,favorit,fine,free,fresh,fun,good,great,happi,hate,high,huge,kind,larg,least,less,long,new,nice,ok,okay,old,origin,perfect,pertti,pleas,pleasant,plenti,quick,recommend,regular,serious,slow,small,soft,special,spici,surpris,sweet,tasti,top,warm,well,worth,wrong
0,-IFq5ULEK4Fl8ZzrArtB5g,4.0,0,0,0,0,1,0,0,0,0,1,0,2,0,0,0,0,0,1,0,0,1,0,0,0,0,0,0,3,1,0,0,0,0,0,0,0,1,0,1,0,0,0,0,0,0,0,0,0,0,0,0,0,0,1,0,0,0,0,0,0,0,0,1,0,0
1,-LccesU7Hg_OVBPLH2DkIg,4.0,0,0,0,0,0,0,0,0,0,0,0,0,0,0,0,0,0,1,4,0,1,1,0,0,0,0,6,1,0,0,2,0,2,1,0,0,0,1,0,0,0,0,0,0,0,0,0,2,0,1,0,0,0,0,0,0,0,0,0,0,0,0,0,0,0
2,-R2kwt0qMnzwEdAfXPvkXg,4.0,4,3,3,15,3,13,20,4,1,38,24,3,12,4,0,10,0,37,8,0,6,9,14,1,10,1,100,80,0,0,11,4,7,6,4,7,7,6,9,12,3,5,0,7,0,5,4,2,15,22,4,4,11,9,2,12,13,1,1,13,5,2,21,12,0
3,-W4gdvXVwi2nTkAIjqaJzA,3.5,0,0,0,0,0,0,0,0,0,0,0,0,0,0,0,0,0,0,0,0,0,0,0,0,0,0,1,0,0,0,0,0,0,0,0,0,0,0,0,0,0,0,0,0,0,0,0,0,0,0,0,0,0,0,1,0,0,0,0,0,0,0,0,0,0
4,-WRLKqr9TXFYp0LtBB6ACg,5.0,0,0,0,0,0,0,0,0,0,0,0,0,0,0,1,0,0,0,0,0,1,2,0,0,0,0,0,3,0,0,0,0,0,0,0,0,0,1,0,0,0,0,0,0,0,0,0,0,1,0,0,0,0,3,0,0,4,0,0,0,0,0,0,0,0
5,-httBl6DSZiUtDX4SQWtag,4.0,1,0,1,14,0,10,0,1,2,5,7,1,1,1,1,1,0,22,1,3,2,8,1,4,20,3,46,30,0,0,1,2,0,1,1,0,2,2,5,3,0,5,2,11,0,2,6,1,12,4,1,0,1,15,1,5,0,1,3,5,7,4,16,9,0
6,-igpUhnA1b5iUK6rfAtuPw,4.5,2,7,2,50,5,12,2,2,12,79,11,7,9,4,0,5,4,45,7,5,6,27,0,2,24,3,103,63,3,2,12,6,6,8,1,2,7,5,9,5,0,1,0,14,0,0,5,1,14,19,1,5,0,10,7,8,0,7,31,3,11,3,27,6,1
7,-syU1HD-Iw_GEH8P5l03_A,4.0,0,0,0,0,0,0,0,0,0,3,0,0,1,0,0,0,0,1,0,0,2,1,0,0,3,0,8,4,0,0,0,0,0,0,0,0,0,1,1,0,0,0,0,0,0,0,0,0,0,0,0,0,0,0,0,0,0,1,1,0,0,0,0,0,0
8,-u4r4iIVk8wO1Morjhq05w,5.0,0,0,0,0,0,0,1,0,0,0,1,0,0,0,0,0,0,1,0,0,1,4,0,0,0,0,0,0,0,0,0,2,1,0,0,0,0,3,1,0,0,0,0,0,0,0,0,0,0,0,0,0,0,0,0,0,0,0,0,0,0,0,0,1,0
9,01I5pFCvJrrGuY3A-KoNIA,3.0,2,1,0,0,0,0,1,0,0,2,3,0,0,0,0,1,0,4,1,0,1,0,1,0,8,0,13,2,2,0,3,1,0,0,0,0,1,1,3,2,0,8,0,0,0,1,1,0,0,1,0,1,1,0,0,0,3,1,0,1,0,0,0,1,1
10,08t3_HjbpLyPeuft6eoa5A,4.5,0,2,3,5,6,4,1,3,0,34,3,1,0,0,5,0,0,11,0,3,4,12,1,0,7,4,36,33,1,0,0,5,0,1,1,1,6,1,4,0,1,2,2,6,0,0,1,3,4,3,1,1,0,3,143,3,0,2,3,5,11,6,7,16,0
11,0Q0v-eDzWtaySg7cbVi0yg,3.5,1,0,0,1,1,1,2,2,0,1,1,0,0,1,0,0,1,2,0,0,2,0,2,0,3,0,1,6,0,0,4,0,0,0,1,0,0,0,1,1,0,0,0,0,0,0,0,0,1,0,0,1,0,0,0,0,0,0,0,2,0,0,0,0,0
12,0apMOBL1jGoHqOXDivMszg,5.0,0,0,0,0,0,2,0,0,1,0,0,0,0,1,0,0,0,3,0,0,0,1,0,0,0,0,0,0,0,0,0,0,0,0,0,0,0,0,0,0,0,0,0,0,0,0,0,0,0,0,0,0,0,0,0,0,0,0,0,0,0,0,0,0,0
13,0y9Bjze2woK_CZ_S8ijrUQ,3.0,0,0,0,0,0,0,1,0,0,1,1,1,2,0,0,0,0,1,1,0,0,1,0,2,1,0,2,1,1,0,0,0,0,0,1,0,0,0,0,0,2,0,1,0,0,0,0,0,0,0,0,0,0,1,0,4,0,0,1,0,4,0,1,0,0
14,19m3NtbbP2VX-tDFJB1lKQ,3.5,0,0,0,0,0,0,0,0,0,2,0,0,0,0,0,0,0,0,0,0,0,1,1,0,0,0,0,2,0,0,0,0,0,0,0,0,0,0,0,0,0,0,0,0,0,0,0,0,0,0,0,0,0,1,0,0,0,0,0,0,0,0,0,0,0
15,1DSEqxx6wxF2zwpPDBwtOg,4.5,0,1,0,5,0,8,0,1,1,4,2,2,0,1,0,1,0,17,3,0,3,3,0,0,7,2,21,18,3,0,3,0,0,2,5,0,0,0,14,0,2,1,0,3,0,0,1,0,0,2,1,0,0,3,0,2,2,1,9,2,0,0,5,2,0
16,1XEFVSf5zdBFHRScvmU_zQ,5.0,0,0,0,0,0,0,0,0,0,1,0,0,0,0,0,0,0,0,0,0,0,0,0,0,0,0,1,3,0,0,0,0,0,0,0,0,0,0,0,0,0,0,0,0,0,0,0,0,0,0,0,0,0,0,0,0,0,0,0,0,0,0,0,0,0
17,1cGyzWtfOoDiE8V0OR85yA,4.0,3,0,0,5,7,5,2,2,1,16,2,1,2,3,1,3,0,28,0,3,2,7,0,1,13,1,37,27,2,0,6,0,0,0,2,0,2,4,16,3,0,3,0,14,0,1,6,1,13,5,2,3,0,9,1,2,0,0,13,13,3,1,18,7,0
18,20ib4z2Yo2wlfARFMcFwSQ,4.0,0,0,1,18,0,2,0,2,5,18,3,1,0,0,0,0,0,15,3,0,0,12,0,1,2,1,6,14,0,0,2,0,1,1,0,0,1,1,6,1,1,0,1,9,0,1,2,1,3,1,0,4,0,4,1,5,0,0,5,2,3,3,8,4,0
19,22lLsW2-h6enhfaJBknCMg,4.0,0,0,0,0,0,0,0,0,0,1,0,0,0,0,0,0,0,1,1,0,0,0,0,0,1,0,1,0,1,0,0,0,0,0,0,0,0,2,0,0,0,0,0,0,0,0,0,0,0,0,0,0,0,0,0,0,0,0,0,0,0,0,0,0,0
20,2KIUW-yH8tiCb3MH-vaVaQ,4.0,0,0,0,0,0,0,0,0,0,0,0,0,0,0,0,0,0,0,0,0,0,0,0,0,0,0,0,2,0,0,0,0,0,0,0,0,0,3,0,0,0,0,0,0,0,0,0,0,0,0,1,0,0,0,0,0,0,0,0,0,0,0,1,0,0
21,2NXb5LHngfZppLDOZDEhSg,4.0,0,0,0,1,1,1,0,0,0,1,1,2,0,0,0,0,0,4,0,0,0,6,0,0,1,0,3,7,2,0,0,0,0,0,0,0,0,4,1,0,0,0,0,1,0,0,0,0,0,0,0,0,0,0,0,2,0,0,0,0,1,0,0,0,0
22,2VtZvvvNWQkbHp91BvC1cQ,4.5,0,0,0,14,1,3,2,0,0,11,0,0,6,0,3,0,0,8,4,0,4,3,1,1,5,0,13,20,0,0,3,4,3,2,2,0,3,7,4,0,1,0,0,3,0,2,3,0,1,3,4,4,0,6,1,1,0,0,2,6,2,0,3,1,0
23,2nmZnUQD80EvhqzaH2m3Kw,3.5,0,0,0,0,0,0,0,0,0,3,0,0,0,0,0,0,0,0,0,0,0,1,0,0,0,0,0,0,0,0,0,0,0,0,0,0,0,0,0,0,0,0,0,1,0,0,0,0,0,0,0,0,0,0,0,0,0,0,0,0,0,0,1,0,0
24,2sDdI1jDqr7c3FkZZJu5aw,3.0,0,0,0,0,0,0,0,0,0,0,0,0,0,0,0,0,0,0,0,0,0,0,0,0,0,0,0,0,0,0,0,0,0,0,0,0,0,0,0,0,0,0,0,0,0,0,0,0,0,0,0,0,0,0,0,0,0,0,0,0,0,0,0,0,0
25,2x9yQ6UEiZifHTbzY1ei9Q,3.5,0,0,0,1,1,3,1,0,0,4,0,1,1,0,0,0,0,7,3,0,0,3,0,1,5,0,8,13,0,0,1,0,1,0,0,0,0,0,0,1,1,1,0,5,0,1,0,1,2,0,2,0,0,4,1,1,0,1,5,1,4,0,1,2,0
26,37PlKoT60Qfo_G8V2NRfCQ,4.5,0,0,0,2,0,0,0,0,0,1,1,0,2,0,1,0,0,4,0,0,0,2,0,0,1,0,1,2,0,0,0,0,0,0,0,0,0,0,1,0,0,0,0,1,0,0,0,0,1,0,0,0,0,1,8,0,0,1,0,1,2,0,0,0,0
27,3RMOswDGPyri2d2OCqcLfw,4.5,0,0,0,4,0,0,0,0,0,0,0,0,0,0,0,0,0,1,0,0,0,0,0,0,0,1,0,1,0,0,0,0,0,0,0,0,0,0,1,0,0,0,0,0,0,0,0,0,0,0,0,0,0,1,0,0,0,0,0,0,0,0,1,0,0
28,3RcaVnkUyOAPjRoKnq2UIA,4.5,0,0,0,0,0,0,0,0,0,0,0,0,1,0,0,0,0,0,0,0,0,0,0,0,0,0,0,0,0,0,0,0,0,0,0,0,0,0,0,0,0,0,0,0,0,0,0,0,0,1,0,0,0,0,0,0,0,0,0,0,0,0,0,0,0
29,3TRpWYsF04VLf5y2lk5b4w,3.0,0,3,0,0,0,0,1,0,0,0,1,0,0,0,0,0,0,0,0,0,0,0,0,0,0,0,0,1,0,0,0,0,0,0,0,0,0,0,0,0,0,0,1,0,0,0,0,0,0,0,0,0,0,0,1,0,0,0,0,2,2,0,0,0,0
30,3TrY8CpsnvnTTYigx2R4yg,4.0,0,4,1,8,3,2,4,1,0,27,5,1,2,1,1,1,0,11,7,1,2,4,3,1,6,0,28,29,2,6,3,4,4,2,1,2,3,0,3,3,0,2,0,5,0,2,1,0,1,11,5,2,0,7,2,3,0,4,13,0,7,0,4,1,0
31,3ZBIqDLVl3W9wIZufxESLA,4.5,0,0,0,0,0,0,0,0,0,0,2,0,0,0,0,0,0,1,0,0,0,0,0,0,0,1,1,3,0,0,0,0,1,0,0,0,0,0,2,0,0,0,0,1,0,0,0,0,0,0,0,0,0,0,0,0,0,0,0,0,1,0,0,0,0
32,3b2R0n1lyUSBB-itvB8Caw,4.5,0,0,0,10,0,4,0,0,0,12,0,0,2,0,0,1,0,5,0,1,2,1,0,8,9,0,9,13,0,0,5,0,0,2,1,0,0,2,11,0,3,0,0,8,0,2,1,0,1,1,0,0,0,5,1,4,0,5,1,0,4,0,3,7,0
33,3jD75qcVu6U3ivJVEZQbwA,4.5,0,0,1,10,1,5,0,4,0,9,4,0,0,0,2,2,0,15,1,1,6,5,2,1,0,2,11,25,1,0,2,1,1,0,0,0,2,2,6,3,0,0,1,0,0,1,1,0,2,2,0,0,0,1,0,2,0,0,2,5,4,1,1,0,0
34,3kPqtmL3EdfhCwxfIHT_iQ,3.0,0,1,0,0,1,2,5,0,0,8,5,0,0,0,1,0,0,1,2,0,0,3,0,0,0,0,5,18,0,0,0,0,2,3,0,0,1,3,3,1,0,1,0,2,0,0,0,0,0,1,1,2,0,5,0,2,0,2,2,1,3,0,1,0,0
35,3pKqw4kUH6xleWhVqCO4gA,5.0,0,0,0,0,0,2,0,0,0,1,1,0,0,0,0,0,0,1,0,0,0,1,0,0,0,2,0,2,0,0,2,0,0,0,0,0,0,0,0,0,0,0,0,0,0,0,0,0,0,2,0,0,0,2,0,0,0,0,0,0,0,1,1,0,0
36,3uda_ctDzaN8_bJsy5hVsg,4.5,0,1,0,0,0,2,0,0,0,0,0,0,0,0,0,0,0,1,1,0,0,3,0,1,0,0,8,6,1,0,0,0,0,0,0,0,0,3,1,0,1,2,0,0,0,0,0,0,0,3,1,0,0,3,0,2,0,0,0,0,0,0,2,1,0
37,4LEC4le9EsYrautJrwHeAw,3.5,0,0,0,0,0,0,0,0,0,0,0,0,0,0,0,0,0,0,0,1,0,0,0,0,0,0,1,0,0,0,0,0,0,0,1,0,0,0,1,0,0,1,0,0,0,0,0,0,0,0,0,0,0,0,1,0,0,0,0,1,0,0,0,0,0
38,4iSVxQKK1G3V-LBffQxaKg,4.0,0,5,0,20,1,12,5,1,1,11,6,3,3,1,9,1,0,14,3,1,5,10,0,3,7,5,37,60,1,0,4,3,7,0,2,0,1,5,14,1,2,23,10,6,0,0,6,3,5,8,5,0,2,3,0,5,0,6,2,3,25,2,7,8,0
39,5H1gvB-TB_sHWasXdS64Uw,4.5,0,0,0,4,1,3,0,0,0,12,3,1,0,0,0,1,4,2,1,1,1,14,5,0,11,1,18,17,2,0,6,7,7,2,1,0,3,1,3,0,0,1,0,3,0,4,0,0,2,8,0,0,0,5,0,7,0,1,0,1,0,0,17,2,0
40,5Hrv7KhPD0ALju_9DAuZJg,4.5,0,0,1,2,0,0,0,1,0,0,0,1,0,0,1,0,0,1,0,0,0,0,0,6,3,2,12,7,0,0,0,0,0,0,0,0,1,0,2,1,0,0,0,0,0,0,0,0,0,0,0,0,0,1,0,1,0,3,0,0,1,1,0,2,0
41,5TeFopqspSMhkkaijxCF2g,4.5,0,0,0,0,0,0,0,0,0,0,0,0,0,0,1,0,0,0,0,0,0,0,0,0,0,0,2,0,0,0,0,0,0,0,0,0,0,0,0,0,0,0,0,1,0,0,0,0,0,0,0,0,0,0,0,0,0,0,0,0,0,0,1,0,0
42,5VA4XYx2lbA2RTe9xuLZUw,2.5,0,0,0,0,0,0,0,0,0,0,0,0,0,0,0,0,0,0,0,0,0,0,0,0,0,0,0,0,0,0,0,0,0,0,0,0,0,0,1,0,0,0,0,0,0,0,0,0,0,0,0,0,0,0,0,0,0,0,0,1,0,0,0,0,0
43,5Xe7tDL4inaiCHlZEMqczA,5.0,0,0,0,0,0,0,0,0,1,1,0,1,0,0,0,0,0,1,0,0,0,0,0,1,0,0,5,1,1,0,1,0,0,0,0,0,0,0,0,0,0,0,0,0,0,0,0,0,0,1,0,0,0,0,0,0,0,0,0,0,0,0,1,0,0
44,5ZrQ8VhqXyitSY_dLyHa-Q,4.5,0,0,0,1,0,0,0,0,0,1,1,0,4,0,0,0,0,0,0,0,0,0,0,0,2,0,4,3,0,0,0,0,0,1,0,0,0,0,2,0,0,0,0,0,0,0,0,2,0,0,0,0,0,0,0,0,0,0,2,0,6,0,1,0,0
45,5crOt_2vpHfFeGOrEeROQA,4.5,1,0,0,1,1,0,0,0,0,1,0,0,0,0,1,0,0,1,0,0,0,0,1,0,0,0,4,5,0,0,0,0,0,0,0,0,0,0,2,0,0,0,0,0,0,0,0,0,0,0,1,0,0,0,1,1,0,0,0,1,0,0,0,0,0
46,5kA4hmzNNWGGrwvoiGnIrg,4.5,0,0,0,0,0,1,0,0,0,0,0,0,0,0,0,1,0,0,0,0,1,1,0,0,1,0,1,4,0,0,0,0,1,0,0,0,0,0,0,0,0,0,0,0,0,0,0,0,0,0,0,0,1,1,0,1,0,0,1,2,0,0,1,0,0
47,5kYvHKRLEyYXqLkiY9OrOw,4.5,0,0,0,0,0,2,0,0,0,3,0,0,1,0,0,0,0,1,0,0,0,0,0,0,7,0,1,2,0,0,1,0,0,0,0,0,0,0,2,0,0,0,0,0,0,0,0,0,0,1,0,0,0,0,0,0,0,1,0,0,0,0,0,0,0
48,5oc3Jva4wWS4O44a-0Jd8Q,3.5,0,2,0,3,1,0,3,1,0,4,3,0,0,2,1,0,0,4,0,0,5,0,0,0,2,0,17,3,0,0,5,0,3,0,0,0,0,1,5,1,0,3,0,1,0,0,2,0,0,2,0,4,0,1,0,1,0,0,1,0,4,0,1,0,0
49,5u27mhDjcJ4Y7QbDhRyaXg,4.5,5,5,1,7,2,6,5,3,0,44,13,0,5,0,3,0,0,20,7,3,2,25,3,8,13,3,53,43,6,0,7,0,5,3,2,7,2,6,20,2,2,0,9,5,0,1,1,7,13,11,14,3,1,13,5,4,0,1,56,0,11,4,4,2,0
50,61-RtXOVQ-FbM20PLf8rug,3.5,0,0,0,0,0,0,0,0,0,1,2,0,1,0,0,0,0,0,0,0,0,0,0,0,0,0,0,4,0,0,0,0,0,0,0,0,0,0,0,0,0,0,0,0,0,0,0,0,0,0,0,0,0,0,0,0,0,0,0,0,0,0,0,0,0
51,65Kwl6HU8cWhH04MxRaIww,4.0,0,0,0,2,0,1,0,0,0,2,0,0,0,0,0,0,0,0,2,0,0,8,0,0,2,0,3,1,1,0,0,0,0,1,0,0,0,0,1,0,0,0,1,0,0,0,0,0,0,1,0,0,0,2,0,4,0,0,0,0,0,0,3,1,0
52,67IKCF3bawHNn6nH6hotMw,4.5,0,0,0,2,0,1,0,0,0,0,0,0,0,0,0,0,0,0,0,0,0,0,0,0,0,0,0,4,0,0,0,0,0,0,0,1,0,0,0,0,0,0,0,0,0,0,0,0,0,0,0,0,0,0,0,0,0,0,0,0,0,0,0,0,0
53,6B_zRPY2tzTxcFXCl4BeGg,1.0,0,0,0,0,0,0,0,0,0,0,0,0,0,1,0,0,0,0,0,0,0,0,0,0,0,0,1,0,0,0,0,0,0,0,0,0,0,0,0,0,0,0,0,0,0,0,0,0,0,0,0,0,0,0,0,0,0,0,0,0,0,0,0,0,0
54,6HQDB-FQlloN7p8MHqSveQ,4.5,0,0,0,0,0,1,0,2,0,1,4,0,0,0,0,0,0,3,0,0,0,1,0,0,2,1,7,3,0,0,0,1,0,0,0,0,0,0,2,0,0,0,0,0,0,0,0,0,0,0,0,0,0,1,0,0,0,0,1,0,0,0,1,1,0
55,6TlqrH6HWgKjtX-O2VMzXw,3.5,0,0,1,0,1,0,0,0,0,0,0,0,3,0,0,0,0,3,2,0,0,2,0,0,1,0,8,8,1,0,1,0,2,0,2,1,0,1,3,0,0,0,0,0,0,0,0,0,0,1,4,0,1,2,0,2,0,0,1,2,2,0,0,0,0
56,6Uv15dNmIxtPMB_1O2O1vA,4.0,0,1,0,1,0,0,0,0,0,5,2,0,2,0,0,0,0,7,0,0,1,1,0,0,0,0,6,9,0,0,0,1,0,0,0,0,0,0,6,0,0,0,0,0,0,0,0,0,1,0,0,0,0,0,14,0,0,0,0,0,1,2,4,0,0
57,6WU_JVpPPnbAfBvMcRoPuw,3.5,0,0,0,5,0,3,5,2,8,3,1,2,3,0,0,1,0,21,4,0,0,4,2,1,10,0,30,30,0,0,9,2,0,1,1,0,1,0,15,2,3,1,1,1,0,0,2,1,5,1,4,0,3,2,5,3,0,4,3,1,3,0,7,2,0
58,6XQKCJO-52pjQssVCrw06A,4.5,0,0,0,0,0,1,0,0,0,0,1,0,0,0,0,0,0,0,0,1,0,0,0,0,3,0,0,3,0,0,0,0,0,0,0,0,0,0,0,0,0,0,0,0,0,1,0,0,0,0,0,0,0,0,0,0,0,0,0,0,0,0,0,0,0
59,6hZHlfwknQVVAoQVQr3_ag,3.5,0,0,0,0,0,0,0,0,0,0,0,0,3,1,1,0,0,0,0,0,0,0,2,0,0,0,0,4,0,0,3,0,0,0,0,0,0,0,0,0,0,0,0,0,0,0,0,0,0,0,0,0,0,0,0,0,0,0,0,0,0,0,0,0,0
60,6tdkFaMnTfDCiPG97qKVHA,4.5,0,0,0,6,0,6,1,1,0,5,1,0,0,0,0,1,0,4,2,0,2,8,0,0,10,0,5,20,0,0,4,1,0,0,0,0,0,2,2,0,0,0,0,2,0,0,1,1,7,3,0,0,0,3,2,1,0,0,4,1,1,0,1,1,0
61,7Ihurc3XdgxuZU47L2t-zg,5.0,0,0,0,0,0,0,0,0,0,1,0,0,0,0,0,0,0,0,0,0,0,1,0,0,0,0,0,0,0,0,0,0,0,0,0,0,0,0,0,0,0,0,0,0,0,0,0,0,0,0,0,0,0,0,0,0,0,0,0,0,0,0,0,0,0
62,7O_mNtg37-1sMvQ5xmA8Dw,4.5,0,0,0,11,0,0,0,1,5,2,6,0,0,0,0,0,0,8,1,1,1,0,0,1,4,4,7,9,1,0,2,0,2,0,2,1,0,1,5,0,0,1,0,3,0,0,0,2,1,4,2,0,0,3,1,0,0,1,12,2,3,2,5,1,0
63,7QHDbb_AanjhiZtidPzuhw,4.5,0,0,0,0,0,0,0,1,0,0,0,0,0,0,0,0,0,0,0,0,0,1,0,0,2,0,2,2,0,0,0,0,0,0,0,0,0,0,3,0,0,0,0,0,0,0,0,0,2,0,0,0,0,0,0,0,0,0,0,0,0,2,1,0,0
64,7_h1D46AgX2YqZ9aKmx-Ag,4.5,0,0,0,1,0,2,0,0,0,1,1,0,3,0,3,0,0,6,0,0,0,0,0,1,1,3,2,5,0,0,0,0,2,0,0,0,0,0,2,0,0,0,0,0,0,0,0,0,0,0,2,0,0,1,1,1,0,0,5,0,13,0,1,1,0
65,7_vGbkiXM_eyVtIxmc0rFQ,4.5,0,0,0,0,0,0,0,0,0,0,1,1,0,0,0,0,0,6,0,0,0,0,0,0,1,0,0,1,2,0,0,0,0,0,0,0,0,1,0,0,0,0,0,0,0,0,0,0,0,0,0,2,0,1,0,0,0,0,0,1,0,0,1,0,0
66,7laMR-BRYEqBv8oWexxkKw,4.0,0,0,0,1,0,1,0,0,0,1,1,1,4,0,0,0,2,0,1,0,0,1,0,0,0,0,20,7,0,0,1,0,0,0,0,0,0,0,6,5,0,0,0,0,0,0,0,0,1,2,0,0,0,5,0,1,0,0,2,1,0,0,4,0,0
67,7m0smV1-RvM1GnWhCTjy7Q,4.0,0,0,1,3,0,0,1,0,0,8,3,0,0,0,0,0,0,4,3,1,0,0,0,0,1,1,11,4,0,0,3,1,1,0,0,0,0,0,0,0,0,0,1,1,0,0,0,0,0,2,0,0,0,3,0,0,0,1,1,0,0,0,3,0,0
68,7u-REDjaWjXwav1wtJwU7w,4.0,1,2,0,3,2,0,0,0,0,0,1,1,0,0,0,0,0,3,0,1,0,1,0,0,3,0,1,3,0,0,1,0,0,0,0,0,0,3,2,1,0,2,0,1,0,0,0,0,0,0,0,0,0,2,0,1,0,1,1,0,1,0,0,0,0
69,7zWoldq0uQV73BjoTM3G5w,4.5,0,0,0,10,0,2,1,1,3,19,5,0,0,0,1,0,0,11,2,0,1,6,0,2,17,0,30,13,1,0,1,0,2,0,2,1,1,2,1,1,0,1,1,3,0,0,2,1,2,7,3,1,1,2,0,1,0,0,8,5,0,1,6,0,0
70,80-1hn5fAJXFsxuyLe0w7A,4.5,0,0,0,0,0,0,0,0,0,7,0,2,0,0,0,0,0,1,0,1,1,2,0,4,1,0,2,3,0,0,1,0,0,0,0,0,0,0,1,1,0,0,0,1,0,0,0,0,0,1,0,0,0,0,1,0,1,0,2,0,0,0,0,1,0
71,8_Dh64HYce48BGBXky520w,4.5,0,0,0,3,0,0,1,0,1,0,0,0,0,0,0,0,0,2,1,1,0,0,0,0,0,1,0,0,0,0,2,0,1,0,0,0,0,0,0,0,0,0,0,0,0,0,0,0,0,4,0,0,0,0,0,0,0,1,0,1,0,0,0,0,0
72,8jxKi5Ji4yjpHUvrNviWhw,3.5,0,0,0,0,0,1,0,0,2,0,3,0,1,0,0,0,0,1,0,0,0,0,0,0,4,0,2,4,0,0,0,1,0,1,0,2,0,3,5,2,0,0,1,0,0,0,0,0,0,0,2,0,0,4,0,0,0,0,1,3,1,0,1,0,0
73,99SN6hku1PToQ2E3-4h8CA,4.0,3,1,0,0,0,2,0,0,0,11,7,2,0,0,2,1,0,2,1,1,0,3,2,2,0,1,23,26,0,3,5,0,3,0,0,0,0,4,19,2,0,1,0,0,0,0,1,0,8,6,5,0,0,2,1,0,0,2,1,0,1,2,4,0,2
74,9GWfMAuAOlkt4MAZ4eZjlA,5.0,0,0,0,0,0,1,0,0,0,0,0,0,0,0,0,0,0,2,0,0,0,0,0,0,2,0,1,3,0,0,0,0,0,0,0,0,0,0,0,0,0,0,0,0,0,0,0,0,0,0,0,0,0,0,0,0,0,0,0,0,0,0,0,0,0
75,9OebZRLGgL0mwty5aebPjQ,4.5,0,0,0,0,0,0,0,0,0,0,0,0,0,0,0,0,0,0,0,0,0,0,0,0,0,0,0,0,0,0,0,0,0,0,0,0,0,0,0,0,0,0,0,0,0,1,0,0,0,0,0,0,0,0,0,0,0,0,0,0,0,0,0,0,0
76,9yRS-SNzkfmThx2JJoilwA,4.5,0,3,2,22,1,7,3,1,8,27,2,1,2,3,6,1,0,15,6,1,6,30,2,3,1,2,42,106,1,0,4,10,11,6,3,6,9,6,28,2,3,1,6,22,0,4,2,2,4,12,2,3,2,13,1,7,1,4,5,2,5,8,18,4,1
77,AAtiejsgWy-XgY8CK1GAEg,4.0,0,1,0,0,1,0,0,0,0,0,0,0,0,0,0,0,0,0,0,0,0,1,0,1,0,0,0,2,0,0,0,0,0,0,0,0,0,0,0,0,0,0,0,0,0,0,0,0,0,0,0,0,0,0,6,0,0,0,0,0,1,0,2,0,0
78,AGztN3eVZPqEWXlDM1A2dw,4.5,0,0,0,1,3,1,0,0,0,1,0,0,0,0,0,0,0,0,0,0,1,1,0,0,1,1,2,1,0,0,0,0,0,0,0,0,0,0,0,0,0,0,0,0,0,0,0,0,0,0,0,0,0,0,0,0,0,0,0,1,5,1,0,0,0
79,AY3Cxky3L3aNbRo_o4YRgg,4.5,0,1,0,10,0,1,2,0,3,3,0,4,3,1,6,0,0,12,1,1,5,8,0,0,5,1,23,49,1,1,2,2,6,0,0,1,0,5,8,0,1,4,0,5,0,3,2,2,3,0,0,0,0,2,0,0,0,1,1,3,3,1,9,1,0
80,AmfxemvV9w0uLWWCBRpVyA,4.5,0,0,0,0,0,0,0,0,0,0,0,0,0,0,0,0,0,1,0,0,0,1,0,0,1,0,0,0,0,0,0,0,0,0,0,0,0,0,0,0,0,0,0,0,0,0,0,0,0,0,0,0,0,0,0,0,0,0,0,0,1,0,0,0,0
81,AtWI6XjqFrPEV7M5WvmwHw,4.5,0,0,0,8,1,5,0,1,0,4,1,0,0,1,0,0,0,12,1,0,3,1,1,0,12,0,21,31,0,0,1,0,2,1,0,2,0,5,7,1,0,0,0,2,0,1,2,0,0,1,0,0,0,2,1,2,2,2,1,2,1,0,5,1,0
82,AzFmvD634INCXO5mrmHThw,2.5,0,0,0,0,0,0,0,0,0,0,3,0,0,0,0,0,0,0,0,0,0,0,0,2,0,0,1,0,0,0,0,0,0,0,0,0,0,1,0,0,0,1,0,0,0,0,0,0,0,0,2,0,0,0,1,0,0,0,0,1,0,0,1,0,0
83,BBbrGzzgYK_lQTNsRFkOaA,4.5,1,0,0,6,0,0,0,0,1,4,7,0,4,0,1,0,0,4,1,2,3,1,0,5,1,0,18,30,0,0,4,0,2,0,1,0,1,4,16,0,0,1,0,2,0,2,2,0,0,4,2,0,0,7,0,1,0,4,0,3,2,2,9,1,0
84,BGEaHwnfv2g_KWIqYma0og,3.5,0,0,0,0,0,0,0,0,0,0,0,0,0,0,0,0,0,3,0,0,0,1,0,3,0,0,0,4,0,0,0,1,0,0,0,0,0,0,0,0,0,0,0,0,0,0,0,0,0,0,0,0,0,0,0,0,0,0,0,0,0,0,1,0,0
85,BIN_lwo-4Y441qdDljtdlw,4.0,0,0,0,0,0,1,1,0,0,0,1,1,1,0,1,0,0,4,0,0,0,4,0,1,4,1,18,17,0,0,0,0,3,0,0,2,0,1,5,2,0,0,0,2,0,1,0,0,3,0,2,0,0,7,0,2,0,0,2,0,0,1,3,1,0
86,BKmKEdTZOdrOA0yHPcvjHw,5.0,0,0,0,1,0,0,1,0,0,7,1,0,0,0,0,0,0,3,0,0,0,0,0,0,2,0,4,6,0,0,0,0,0,0,0,0,0,0,6,0,0,1,0,2,0,0,0,0,0,0,0,0,0,0,0,0,0,0,0,0,0,0,0,1,0
87,BfIcrMq0Me0D7BBSYij7Fg,2.5,0,1,1,1,4,6,11,2,1,3,2,2,2,1,1,0,0,6,1,0,0,1,0,1,1,2,23,5,1,0,11,3,1,1,0,0,1,0,4,3,2,0,0,1,0,2,0,0,1,0,0,2,0,9,33,3,0,0,1,0,4,1,4,1,0
88,C-88Y8Eydcq9OY3cek--ug,4.0,1,0,1,1,0,2,0,2,0,1,1,1,1,0,0,0,0,3,1,0,0,1,0,1,3,2,3,1,0,0,0,0,0,0,0,0,0,0,1,0,0,0,0,2,0,0,0,0,0,1,0,0,0,1,0,1,0,0,0,0,3,1,0,1,0
89,C3D5ww46iTU6LCWgSwM0vA,5.0,0,0,1,3,0,0,1,1,0,3,2,0,2,0,0,2,0,10,0,0,1,3,0,0,2,0,4,7,2,0,1,0,1,1,0,0,0,4,4,0,0,0,0,2,0,0,0,0,0,0,1,0,0,4,0,3,0,0,2,0,0,0,2,2,0
90,CB2JSTFkUHeeFdvciBflzA,4.5,0,0,0,0,0,0,0,0,0,0,0,0,0,0,0,0,0,0,0,0,0,0,0,0,2,0,0,2,0,0,0,0,0,0,0,0,0,0,0,0,0,0,0,1,0,0,0,0,0,0,0,0,0,0,0,0,0,0,0,0,0,0,0,0,0
91,CJt8b6O-Tcv9Zxv-N7IT4g,4.5,0,0,0,0,0,0,1,0,0,0,2,0,0,2,3,0,0,0,0,0,0,0,0,0,0,0,2,2,0,0,0,0,0,0,0,0,1,0,0,0,0,0,0,0,0,0,1,0,0,0,0,0,0,0,0,0,0,0,0,0,0,0,1,0,0
92,CYFqOD7xCIxRkFexBqjZJQ,2.0,0,0,0,0,0,0,0,0,0,0,0,0,0,0,0,0,0,0,0,0,0,0,0,0,1,0,0,0,0,0,0,0,0,0,0,0,0,0,0,0,0,0,0,0,0,0,0,0,0,0,0,0,0,0,0,0,0,0,0,0,1,0,0,0,0
93,CtZcJUItpyAqfqZu39B9aw,4.0,0,0,0,0,0,2,0,0,0,1,0,0,0,0,0,0,0,0,0,0,1,0,0,0,0,0,0,0,0,0,0,0,0,0,0,0,0,0,0,0,0,0,0,0,0,0,0,0,0,0,0,0,1,0,0,0,0,0,0,0,0,0,0,0,0
94,Cucj08aCIWy9R2tjNcOx8w,4.0,0,0,0,0,0,1,2,2,0,5,3,1,0,0,0,0,0,5,0,0,1,7,0,1,0,0,9,8,0,0,1,2,0,3,2,0,0,0,0,0,0,1,0,1,0,0,0,1,0,1,1,0,2,0,3,1,0,1,1,1,0,1,1,0,1
95,CwtjAViLdvXurW67H-7G3Q,4.0,0,1,0,4,0,0,0,0,0,3,6,0,1,0,0,0,0,3,1,0,1,0,3,1,3,0,10,10,0,1,2,0,3,1,0,0,0,2,5,3,0,0,0,0,0,0,0,0,1,3,3,0,0,3,0,0,0,0,1,0,4,2,4,0,0
96,CxxAzUN3J38UTZB6MyGB3Q,3.0,1,0,0,0,0,0,1,1,0,3,2,0,0,0,0,0,0,0,0,0,0,1,0,0,0,0,2,1,0,0,0,0,0,0,0,0,0,0,0,0,0,1,0,1,0,0,0,0,0,0,0,0,0,0,0,0,0,0,0,0,0,0,1,0,0
97,DB1fdI2UGujYViApLsFLBg,3.5,0,0,0,0,0,0,0,1,0,2,0,0,3,0,0,0,0,0,0,0,0,2,1,0,0,0,3,3,0,0,0,0,0,0,0,0,0,1,0,0,0,0,0,2,0,0,0,0,0,0,0,0,0,0,0,1,0,0,0,0,5,0,2,0,0
98,DNOXngMi7USPPY5-6BY2ZQ,4.5,0,0,0,1,0,0,0,0,3,1,0,0,0,0,0,0,0,2,0,1,0,0,0,0,0,0,2,1,1,0,0,0,0,0,0,0,0,0,0,0,0,0,0,0,0,0,0,0,0,0,0,0,0,0,0,0,0,0,0,0,0,0,1,0,0
99,D_O7ebohrbgwRmATmVwN8Q,5.0,0,0,0,2,0,0,0,0,0,4,0,0,0,0,1,0,0,2,0,0,0,2,0,0,1,0,3,3,2,0,0,0,0,0,0,0,0,4,0,0,0,0,0,0,0,1,1,0,0,0,1,0,0,1,0,0,0,0,2,0,0,0,3,0,0
100,DaDeOL4oaHYgJxzi0x_mRw,4.0,0,0,0,0,0,0,0,1,0,2,1,0,0,0,0,0,0,0,0,0,0,0,0,0,0,1,0,4,0,0,0,0,0,1,2,0,0,0,0,0,0,0,0,1,0,0,0,0,0,0,0,0,0,0,0,0,0,0,1,0,6,0,1,1,0
101,Dbe0rGrLPZHZ0taS6oIyVg,4.0,0,0,0,0,0,0,0,0,0,0,0,0,1,0,0,0,0,0,0,0,0,0,0,0,1,1,3,1,0,0,0,0,0,0,0,0,0,1,1,0,0,0,0,0,0,0,0,0,0,0,0,0,0,0,0,0,0,0,0,0,4,0,0,0,0
102,Di7mzk-LE0M28-sf6v40Gg,4.0,0,0,0,0,0,0,0,0,0,0,0,0,0,0,0,0,0,0,0,0,0,0,0,1,0,0,2,1,0,0,0,0,0,0,0,0,0,0,2,0,0,0,0,1,0,0,0,3,0,0,0,0,0,1,0,0,0,0,0,0,0,0,0,0,0
103,DtIcA3yhAPrntUBfRJNwuw,5.0,0,0,0,5,0,2,0,0,0,0,0,1,0,0,1,0,0,4,0,0,0,1,0,0,0,0,6,9,1,0,0,0,0,1,0,1,2,1,0,0,0,1,0,3,0,0,0,0,0,1,0,0,0,0,0,0,0,0,1,0,0,0,0,1,0
104,DysR74Xdr8P88i-ealNHKQ,4.0,1,1,0,1,1,3,1,2,0,0,1,1,0,0,4,0,0,4,1,0,0,2,0,1,1,1,6,8,1,0,4,0,2,1,1,0,1,0,7,0,0,1,0,0,0,0,3,0,2,0,0,0,1,2,0,0,0,0,7,3,3,1,3,3,0
105,Dz48AHU652_zg43sBPRb9w,5.0,0,1,0,16,0,8,1,0,0,33,3,1,2,1,1,0,0,26,0,0,2,17,1,3,9,3,18,27,2,0,5,0,1,0,0,0,5,8,5,1,1,0,0,5,0,0,1,1,2,4,6,1,0,7,22,0,0,1,3,2,3,2,5,10,1
106,E4uunCOBjqk57GzGbXyGpA,5.0,3,2,0,9,0,2,1,0,3,17,1,0,0,1,0,0,0,14,2,1,3,8,0,0,9,1,25,27,2,0,6,2,2,3,0,1,4,1,9,0,2,0,0,8,0,0,0,1,1,1,0,0,0,10,0,1,0,1,5,0,1,4,3,0,0
107,EJae96JkY9o1tp7aOHjzMQ,4.5,0,0,0,0,0,0,0,0,0,0,0,0,0,0,0,0,0,0,0,0,0,0,0,0,0,0,3,0,0,0,0,0,0,0,0,0,0,0,1,0,0,0,0,2,0,0,0,0,0,0,0,0,1,0,0,0,0,0,1,0,0,0,0,2,1
108,EOmRHPvzR88a5R2j2uD0cQ,4.5,0,0,0,0,0,0,0,0,0,0,1,1,0,0,0,0,0,1,0,0,0,0,0,0,0,0,1,11,0,0,0,0,1,0,0,0,0,0,1,0,0,0,0,0,0,0,0,0,0,0,0,0,0,2,0,0,0,0,0,0,0,0,0,0,0
109,EWswCV97BBb0ezXRZhCoOQ,3.5,1,0,1,0,0,0,2,0,1,5,2,1,2,1,0,1,1,4,3,0,1,0,1,0,13,0,8,4,0,0,2,0,0,0,4,0,0,1,14,1,0,0,0,5,0,2,0,0,4,0,0,0,0,2,0,2,0,1,1,4,0,0,3,0,0
110,EaZE6xu4p9brn8gbcRrZ1Q,4.5,0,0,0,0,0,1,0,0,0,0,0,0,0,0,0,0,0,2,0,0,0,0,0,0,0,0,0,0,0,0,0,0,0,0,0,0,0,0,2,0,0,0,0,0,0,0,0,0,0,0,0,0,0,0,0,0,0,0,1,0,0,0,0,0,0
111,EmU5D6GKbokldlA-IZvYrA,4.5,0,1,0,2,0,1,0,0,0,0,2,1,0,0,1,0,0,5,0,0,1,0,0,1,1,0,3,12,1,0,1,0,1,0,0,1,1,0,2,0,1,1,0,0,0,1,0,1,0,0,2,0,0,6,0,0,0,1,5,2,0,1,9,0,0
112,EnEc1Y3dA-Pc9AznY2cXDA,2.5,1,1,0,0,0,0,0,0,0,0,1,0,0,0,0,0,0,0,0,0,0,0,0,0,0,0,0,0,0,0,0,0,0,0,0,0,0,2,0,0,0,1,0,0,0,0,0,0,0,0,0,0,0,0,1,1,0,0,0,0,0,0,0,0,0
113,EsMcGiZaQuG1OOvL9iUFug,5.0,0,0,0,1,0,1,0,1,0,5,0,0,0,0,0,0,0,0,0,0,0,0,0,0,1,0,4,6,0,0,0,1,0,0,0,0,0,0,1,0,0,0,0,0,0,0,1,0,0,0,0,0,0,2,0,0,0,0,0,0,0,0,0,1,0
114,EsxEgEx9ZBzNqrgHf2pDqg,4.5,0,1,0,19,3,3,1,2,2,7,1,2,3,0,0,0,0,18,2,1,1,4,0,0,12,2,22,31,5,0,2,2,3,2,0,0,1,2,11,1,1,2,0,2,0,1,0,0,6,5,1,0,0,2,0,2,0,3,11,4,4,4,6,1,0
115,EvIjBWlnswf-7zBXJHB9kw,2.5,0,0,0,0,1,0,0,0,0,0,0,0,0,0,0,0,0,0,0,0,0,0,0,0,0,0,0,0,0,0,0,0,0,0,0,0,0,0,0,0,0,0,0,0,0,0,0,0,0,0,0,0,0,0,0,0,0,0,0,0,0,0,0,2,0
116,EwOVLUgmZaHUzK_bnHHXZA,3.0,0,0,0,0,1,0,0,0,0,0,0,0,0,0,0,0,0,0,0,0,0,0,0,0,0,0,2,1,0,0,0,0,0,1,0,0,0,0,0,0,0,0,0,0,0,0,0,0,0,0,0,0,0,1,3,0,0,0,0,0,0,0,0,0,0
117,F-2jVzWkWJ9oidUX4xQQBA,4.0,0,0,0,0,0,0,0,0,0,0,0,0,0,0,0,0,0,0,0,0,0,0,0,0,0,0,0,0,0,0,0,0,0,0,0,0,0,0,0,0,0,0,0,0,0,0,0,0,0,0,0,0,1,0,0,0,0,0,0,0,0,0,0,0,0
118,F4zjU9iYXWtZdrTT4ECEVg,4.5,0,0,0,2,0,0,0,0,0,3,0,1,1,0,0,0,0,2,1,0,0,0,0,0,0,1,1,4,0,0,0,0,1,0,2,0,0,1,3,0,0,0,0,0,0,0,0,0,0,4,0,0,0,0,0,0,0,0,0,0,3,0,1,0,0
119,F5JVk07lTI4cjDpVSXKfhA,5.0,0,0,0,0,0,0,0,0,0,0,0,0,1,0,0,0,0,0,0,0,0,0,0,0,0,0,0,0,1,0,0,0,0,0,0,0,0,0,0,0,0,0,0,1,0,0,0,0,0,0,0,0,0,0,0,0,0,0,0,0,1,0,0,0,0
120,F8SewtxenrhWAUEUC8ts4w,3.5,0,0,0,0,0,0,0,0,0,0,0,0,0,0,0,0,0,3,2,0,0,0,0,0,2,0,3,0,0,0,1,0,0,0,0,0,0,0,0,0,0,0,0,0,0,0,0,0,2,0,0,0,0,2,0,0,0,0,0,0,1,0,0,0,0
121,FG8atOE15c8IoQH_hEb9zA,4.5,3,1,1,27,3,11,6,1,1,13,9,0,10,2,3,1,0,34,3,2,7,13,2,1,20,3,55,82,5,1,3,2,10,2,0,1,4,4,11,2,3,0,1,12,0,0,2,0,17,10,2,4,8,13,2,2,5,2,25,7,8,6,15,8,1
122,FKtVtuM5vg1YN3Yn5yF1tA,1.5,0,0,0,0,0,0,0,0,0,0,0,0,0,0,0,0,0,0,0,0,0,0,0,0,0,0,0,0,0,0,0,0,0,0,0,0,0,0,0,0,0,0,0,0,0,0,0,0,0,0,0,1,0,0,0,0,0,0,0,0,0,0,0,0,0
123,FLA96RM0hM0Ej2WPusaKtQ,5.0,0,0,0,1,0,0,0,0,0,0,0,0,0,0,0,0,0,1,0,0,0,0,0,0,0,0,1,0,0,0,1,0,0,0,0,0,0,0,0,0,0,0,0,0,0,0,0,0,0,0,0,0,0,0,0,0,0,0,0,0,0,0,0,0,0
124,FMaxf4K9yrHFdsp0qIK7GA,5.0,0,0,0,1,0,0,0,0,0,0,0,0,1,0,2,0,0,0,0,0,0,0,0,0,0,0,0,1,1,0,0,0,0,0,0,0,0,0,0,0,0,0,0,0,0,0,0,0,0,0,0,0,0,0,0,0,0,0,0,0,0,0,0,0,0
125,FoE4UrH-Zg8EcNwuJgZWGA,3.0,0,0,0,1,0,0,1,0,0,1,0,0,0,0,0,0,0,0,0,0,0,1,0,1,0,0,0,4,0,0,0,0,0,0,0,0,0,0,0,0,0,0,0,0,0,0,0,0,0,0,0,0,0,0,1,0,0,0,0,0,0,0,0,0,0
126,Fozo0B-y42EhRMomR0K5vQ,4.5,1,2,3,40,1,9,11,6,2,39,8,4,2,2,3,2,0,52,1,2,3,15,4,2,45,6,74,41,4,1,11,1,6,3,4,1,5,6,22,6,1,6,4,20,0,2,1,2,7,12,6,2,4,41,6,18,0,6,46,21,109,27,16,16,1
127,GEpavUjzVf5ATsGYkPu0WA,3.5,1,1,0,2,0,6,0,1,1,4,2,1,0,1,2,1,0,8,2,0,0,6,0,1,2,0,23,20,1,0,0,1,0,1,0,2,1,3,7,2,0,0,0,0,0,3,0,2,2,2,0,0,2,2,0,2,0,0,0,1,1,3,4,1,1
128,GLKPlORydRnyFmeLK-1sHQ,5.0,0,0,0,0,0,3,0,0,0,5,0,0,0,0,0,0,0,0,0,0,0,0,0,1,0,0,2,4,0,0,1,1,0,3,0,0,0,0,0,0,0,0,0,0,0,0,1,0,0,3,0,0,0,0,4,1,0,0,0,1,0,0,0,1,0
129,GVnaMB4Kgg6i04-HRkEa1w,5.0,0,0,0,1,1,1,0,0,0,3,1,1,2,0,2,0,0,0,0,0,1,1,1,1,3,1,5,5,0,0,0,0,0,1,0,0,0,0,2,0,0,0,2,0,0,0,0,0,0,0,0,0,0,0,0,0,0,0,0,0,9,0,2,1,1
130,GWlESJxGp0UwPAzimAno3A,3.5,0,0,0,0,0,0,0,0,0,0,0,0,0,0,0,0,0,2,0,0,0,0,0,0,0,0,0,0,0,0,0,0,0,0,0,0,0,0,2,0,0,0,0,0,0,0,0,0,0,0,0,0,0,0,0,0,0,0,0,1,0,0,0,0,1
131,GmP1Awd39Egiq_Op1TyKLw,3.5,0,0,0,0,0,0,0,0,0,0,0,0,0,0,0,0,0,0,0,0,0,0,0,0,0,0,0,0,0,0,0,0,0,0,0,0,0,0,1,0,0,0,0,0,0,0,0,0,0,0,0,0,0,0,2,0,0,0,0,0,1,0,0,0,0
132,GmvfPkjxhonLSaPgfNGhPw,4.0,0,0,2,4,0,3,0,0,0,4,3,0,1,0,0,0,1,1,0,0,0,1,0,0,2,2,8,5,0,0,0,0,1,0,0,0,1,1,1,0,0,0,0,2,0,1,0,0,0,0,0,2,0,0,0,0,0,0,0,0,0,1,2,0,0
133,GmyFrB4wEvnfwJM9KyoZ-w,4.5,0,0,0,1,0,4,1,0,4,1,0,0,2,0,1,1,0,0,0,1,2,4,0,0,4,0,5,15,0,0,2,0,0,0,0,0,0,0,3,0,0,0,0,1,0,0,0,0,0,1,1,0,0,0,0,0,1,0,0,1,4,0,10,1,1
134,Gp8_vPUZBncqy4Fwc8ga7A,3.5,0,0,1,0,0,1,0,0,0,0,0,0,0,0,0,0,0,0,1,0,0,0,0,0,0,0,5,1,0,0,0,0,1,0,0,0,0,0,1,1,2,0,3,0,0,0,0,0,0,0,0,0,0,0,0,2,0,0,1,1,0,0,4,0,0
135,H4PWUUInSMs5i8uPpMCwSw,3.0,0,1,0,0,0,1,1,0,0,0,0,0,0,0,0,0,0,0,0,0,0,0,0,0,0,0,3,1,0,0,0,0,0,0,0,0,0,0,0,2,0,0,0,0,0,0,0,0,0,0,0,0,0,0,0,0,0,0,0,0,0,0,0,0,0
136,HIU6U6AgilhEWVy6BNE_Og,3.0,0,0,0,0,0,0,0,0,0,1,0,0,2,0,0,0,0,0,0,0,0,2,0,0,0,0,1,0,0,0,0,0,0,1,1,1,0,0,0,0,0,0,1,0,0,0,0,1,0,0,0,0,0,0,0,0,0,0,0,0,3,0,0,0,0
137,HM8zaHcswoJWqIsePnxW7A,3.0,0,0,0,0,0,0,3,0,0,1,1,0,3,1,0,0,0,4,2,0,0,2,0,1,1,2,16,5,1,0,0,0,0,1,0,0,0,1,2,0,2,0,0,0,0,0,1,0,2,0,0,0,1,4,0,0,0,0,2,0,0,0,4,0,0
138,HO1nuPD5-m7swsxJn4g7rg,5.0,0,0,0,0,0,0,0,0,0,0,0,0,0,0,0,0,0,0,0,0,0,0,0,0,0,0,0,0,0,0,0,0,1,0,0,0,0,0,0,0,0,0,0,1,0,0,0,0,0,0,0,0,0,0,0,0,0,0,0,0,0,0,0,0,0
139,HRukh9pr1ZCNoSPrE6icRA,3.0,0,0,0,0,0,0,0,0,0,0,0,0,0,0,0,0,0,0,0,0,0,0,0,0,0,0,0,0,0,0,0,0,2,0,0,0,0,0,0,0,0,0,0,0,0,0,1,0,0,0,0,0,0,0,3,1,0,0,0,0,0,0,0,0,0
140,HVCSprTj_USR9HxIeoffZA,4.5,0,1,0,5,0,8,1,0,0,11,8,0,3,1,9,0,0,12,8,0,2,8,0,5,4,4,43,47,2,0,1,5,6,3,1,2,3,4,12,0,0,2,0,3,0,2,3,2,6,3,2,0,0,14,0,0,0,2,6,2,3,1,7,3,1
141,HWrbZS1mxVRj2Y2VwMmDMg,4.5,0,0,0,0,0,0,0,0,0,0,0,1,0,0,0,0,0,1,0,0,0,0,0,0,0,0,1,0,0,0,0,0,1,0,0,0,0,0,0,0,0,0,0,0,0,0,0,0,0,0,0,0,0,0,0,0,0,0,0,0,0,0,0,0,0
142,HkhmrEG8I3crc7pVVblyQw,4.5,0,0,0,0,0,0,0,0,0,0,0,0,0,0,0,0,0,0,0,0,0,0,0,0,0,0,1,0,1,0,0,0,0,0,0,0,0,0,0,0,0,0,0,0,0,0,0,0,0,0,0,0,0,0,0,0,0,0,0,0,0,0,1,0,0
143,HoWQT2R2mZeeGFChK3gSWw,4.5,0,0,0,0,0,0,0,0,0,0,0,0,0,0,0,0,0,0,0,2,0,0,0,0,0,0,0,0,0,0,0,0,0,0,0,0,0,0,0,0,0,0,0,0,0,0,0,0,0,0,0,0,0,0,0,0,0,0,0,0,0,0,0,0,0
144,HuPMymHjYL6JBgmADayrvA,4.5,0,0,0,0,0,0,0,0,0,0,0,0,0,0,0,0,0,2,1,0,0,0,0,0,2,0,1,2,0,0,0,0,0,0,0,0,0,0,2,0,0,0,0,0,0,0,0,0,0,0,0,0,0,1,0,1,0,0,0,0,0,1,1,0,0
145,Hz1F5uruPe1kCsf5PIA6Sg,4.5,0,5,3,16,3,9,2,3,1,59,4,2,0,0,1,0,0,40,2,0,2,37,4,9,34,0,71,41,7,1,6,3,5,0,2,0,5,15,7,2,7,4,3,7,0,3,2,3,6,9,1,3,0,11,2,4,2,4,20,2,5,6,12,12,1
146,I5TgzHGJI3jvJq6xdauLPA,3.5,0,0,0,1,0,0,0,0,0,0,0,0,0,0,0,0,0,0,1,0,0,0,1,0,0,1,1,0,0,0,0,0,0,0,0,0,0,0,0,0,0,0,0,1,0,0,0,0,0,0,0,0,0,0,0,0,0,1,0,0,0,0,0,0,0
147,IRKCvukCnUEERIcXDYJjtg,4.5,0,0,0,0,0,1,0,0,0,1,0,0,0,0,0,0,0,0,0,0,0,1,0,1,0,0,0,2,0,0,0,0,0,0,0,0,0,0,0,0,0,0,0,0,0,0,0,0,0,1,0,0,0,0,0,0,0,0,0,0,0,0,0,0,0
148,IXt1wLqlpL50aic174gzAA,2.5,0,0,0,0,0,0,0,0,0,0,0,0,0,0,0,0,0,0,0,0,0,0,0,0,1,0,0,0,0,0,0,0,0,0,0,0,0,0,0,0,0,0,0,0,0,0,0,0,0,0,0,0,0,0,0,0,0,0,0,0,0,0,0,0,0
149,J-PO-qnU-Cz_uh7APKDt-g,4.0,0,0,0,0,0,2,0,0,0,1,0,0,0,0,0,0,0,0,0,0,0,0,0,0,3,0,4,1,0,0,0,0,0,0,0,0,0,0,0,0,0,1,0,0,0,0,0,0,0,0,0,0,0,0,0,0,0,0,0,0,0,0,0,0,0
150,J5nk6HGHF-E6YNpat4uuUg,4.0,0,0,0,0,0,0,0,0,0,1,0,0,0,0,0,0,0,0,0,0,0,0,0,0,1,0,0,1,0,0,0,0,0,0,0,0,0,0,0,0,0,0,0,0,0,0,0,0,0,0,0,0,0,0,0,0,0,0,0,0,0,0,0,0,0
151,JG9YJqslJuU3Dim3wmakQg,4.5,0,0,0,0,0,0,0,2,0,1,0,0,0,0,0,0,0,0,0,0,0,0,0,0,0,0,3,1,0,0,0,0,0,0,0,0,0,0,0,0,0,0,0,0,0,0,0,0,0,0,0,2,0,1,0,0,0,0,0,3,2,0,2,0,0
152,JIWf7VRyXGq0Xm2X5eEj9Q,4.5,0,0,0,0,0,0,0,1,0,0,0,0,0,0,0,0,0,0,0,0,0,0,0,0,0,0,3,0,0,0,0,0,0,0,0,0,1,0,0,0,0,0,0,1,0,0,0,0,0,0,0,0,0,0,1,3,0,0,1,1,0,0,3,1,0
153,JXf04dg9EBlkQFs5hf4QeQ,4.0,0,1,0,8,3,0,0,0,0,7,2,0,1,0,1,0,0,14,0,0,0,1,0,1,6,1,15,18,0,0,2,1,2,0,0,4,1,3,6,1,5,0,0,4,0,3,0,1,2,5,0,1,0,3,0,0,1,1,0,5,0,1,2,3,0
154,JeY7qm3p-K5ZhF0dPbSQwA,3.5,0,0,0,0,0,0,0,1,0,1,0,0,1,0,0,0,0,0,0,0,0,1,0,0,0,0,0,1,0,0,0,0,0,0,0,0,0,0,0,0,0,0,0,0,0,0,0,1,0,0,0,0,0,0,0,0,0,0,0,0,5,0,0,0,0
155,Jl9w5WVI9qdDtKIwZnHKGw,3.0,0,0,0,0,0,0,0,0,0,0,1,0,1,0,0,0,0,1,0,0,0,0,0,0,0,0,2,2,0,0,1,0,0,0,0,0,0,0,0,0,1,0,0,0,0,0,0,1,2,0,0,0,1,0,0,0,0,0,0,0,0,0,0,0,0
156,JmdgFq9sgXUIzeqalwrTRA,3.5,0,0,0,0,0,0,0,0,0,0,0,2,1,0,0,0,0,1,0,0,1,0,1,0,0,0,1,4,0,0,0,0,0,0,0,0,0,0,0,0,0,0,0,0,0,0,0,0,0,0,0,0,0,0,6,0,0,0,0,0,0,0,2,0,0
157,K7f0tQ97HJz6YtSW_ycDEw,4.5,0,0,0,0,0,0,0,0,0,0,0,0,0,0,1,0,0,0,0,0,0,0,0,0,2,0,2,0,0,0,0,2,0,0,0,0,0,0,0,0,0,0,0,0,0,0,0,0,0,0,0,0,0,0,0,0,0,0,0,0,1,3,1,0,0
158,K8M3OeFCcAnxuxtTc0BQrQ,4.0,3,0,1,21,1,11,1,1,1,14,4,2,2,0,3,0,0,25,0,0,3,10,0,1,3,3,19,30,5,2,10,3,3,4,3,2,0,3,18,0,1,2,1,4,0,1,1,0,2,7,2,5,3,1,1,1,1,4,12,2,10,2,9,8,0
159,KCxdy3cm7H0jXnDhhPvBYw,4.0,0,0,1,2,0,2,2,0,0,8,2,0,0,1,0,0,0,6,0,0,2,2,0,0,7,0,17,6,1,2,0,1,0,2,1,0,1,0,6,0,1,1,0,1,0,1,1,1,3,1,2,0,1,2,0,0,3,0,0,3,0,0,1,1,0
160,KIlGZ7hS7X26YvuzzCT5Yg,4.0,0,0,0,0,0,0,0,0,0,6,1,1,0,0,0,0,0,1,0,0,0,1,0,0,0,0,0,1,0,0,0,2,1,2,0,0,0,0,0,0,0,0,0,0,0,0,0,0,0,0,0,0,0,1,4,0,0,0,0,0,1,0,0,0,0
161,KR89_v-jKxf4_l8h8k4jyQ,3.5,0,0,0,3,2,0,2,0,0,8,3,0,0,1,1,0,0,1,1,0,0,6,1,0,0,0,10,6,1,0,3,0,2,0,0,1,1,1,0,2,1,1,0,0,0,0,2,0,0,1,0,0,0,6,3,0,0,0,6,2,1,0,6,1,0
162,KVpSAAYSAmazhMi7LraO6Q,3.0,0,0,0,0,0,1,0,0,0,1,0,0,0,0,0,0,0,2,0,0,0,0,0,0,0,0,0,0,0,0,0,0,0,0,0,0,0,0,1,0,0,0,0,0,0,0,0,0,1,0,0,0,0,0,0,0,0,0,0,0,0,0,0,0,1
163,KWYZJbxBioJwsxJysdUG9g,4.0,0,0,0,0,0,0,0,0,0,0,1,0,0,0,0,0,0,0,0,0,0,0,0,0,0,0,0,4,0,0,0,0,0,0,0,0,0,0,2,0,0,0,0,0,0,0,0,0,0,0,1,0,0,0,9,0,0,0,0,0,0,2,1,0,0
164,KmFK7lwy-TlFOosOncFLcA,5.0,0,0,0,0,0,0,0,0,0,1,0,0,1,0,0,0,0,0,0,0,0,0,0,0,3,0,1,1,0,0,0,0,0,0,0,0,0,0,1,0,0,0,0,0,0,0,0,0,0,1,0,0,0,0,0,0,0,0,1,0,0,0,0,0,0
165,Krm9dSjhfmNH5LlhOKGPYg,4.5,0,1,0,2,2,1,0,1,0,0,0,0,2,0,0,0,0,2,0,0,0,1,0,2,0,0,3,6,0,0,0,4,1,0,0,0,1,0,2,2,0,1,0,0,0,0,0,3,2,0,0,0,0,0,0,0,0,0,1,3,2,1,4,0,0
166,Ky0gfIL4349HicaGlOz1_Q,4.5,0,0,0,1,0,0,0,0,0,1,0,0,0,0,0,0,0,0,0,0,1,0,0,0,0,0,1,4,0,0,1,0,0,0,0,0,0,0,0,0,0,0,0,0,0,0,0,0,3,0,0,0,0,1,4,0,0,0,0,0,0,0,0,0,0
167,L7wyRIU1j9vRnoEs7DmatA,4.5,0,0,0,0,0,0,0,0,0,2,2,0,0,0,0,0,0,1,0,0,0,2,0,1,2,0,3,11,0,0,1,0,2,0,1,0,0,1,1,0,0,0,0,0,0,0,0,0,0,0,0,0,0,1,0,0,0,0,0,0,0,2,2,0,0
168,LS4qdaBXNj7Q79nuMNaZ9w,3.5,0,0,0,3,0,1,0,2,1,0,2,0,0,1,0,0,0,1,0,0,0,0,0,0,0,0,3,5,0,0,0,0,0,0,0,0,1,1,4,2,0,0,0,0,0,0,0,1,2,0,0,0,0,1,0,0,0,0,0,1,0,0,2,0,0
169,LSxHsjO_CNbH-NE3lvwKaw,2.5,0,1,0,0,0,0,0,0,0,0,1,0,0,0,0,0,0,0,0,0,0,0,0,0,0,0,0,2,0,0,0,0,0,0,0,0,0,0,0,0,0,0,0,0,0,0,0,0,0,0,0,2,0,0,2,0,0,0,0,0,0,0,0,0,0
170,LZY382ncwmmYLVKUjB1SFg,3.5,0,0,1,0,0,0,0,0,0,2,0,0,0,0,0,0,0,0,0,0,0,0,0,0,3,0,2,4,0,0,0,0,0,0,0,0,0,0,0,1,0,0,0,1,0,0,0,0,0,0,0,0,0,0,0,0,0,0,0,0,0,0,0,0,0
171,LigM--z6V3dgI56W09_nUw,4.5,0,0,0,0,0,0,0,0,0,1,0,0,0,0,0,0,0,0,0,0,0,0,0,0,0,0,0,0,0,0,0,0,0,0,0,0,0,0,0,0,0,0,0,0,0,0,0,0,1,0,0,0,0,0,0,0,0,0,0,0,0,0,0,0,0
172,LwsGolUPGcTP_SlfQroUyA,4.0,0,0,0,1,0,0,0,0,0,0,0,0,0,0,0,0,0,0,0,0,0,0,0,0,0,0,0,0,0,0,0,0,0,0,0,0,0,0,0,0,0,0,0,0,0,0,0,0,0,0,0,0,0,0,0,0,0,0,2,0,0,0,0,0,0
173,M4BZ2okdWuc7MqeBjtnDRQ,1.0,0,0,0,0,0,0,0,0,0,0,0,0,0,0,0,0,0,0,0,0,0,0,0,0,0,0,0,1,0,0,0,0,0,0,1,0,1,0,0,0,0,0,0,0,0,0,0,0,0,0,0,0,0,0,0,0,0,0,0,0,0,0,0,0,0
174,M6MiFQqy9f2a1EI3x05pmg,4.0,0,0,0,0,1,0,0,0,1,0,2,1,0,0,0,0,0,1,1,0,0,0,0,0,6,0,3,1,1,0,0,0,0,0,0,0,0,0,0,0,0,1,0,0,0,0,0,0,1,1,0,0,0,1,0,1,0,0,3,0,0,0,2,0,0
175,M833lIp7o8sSfbmY6V-StQ,2.0,0,0,0,1,0,0,0,0,0,0,0,0,0,0,0,0,0,0,0,0,0,0,0,0,0,0,3,1,0,0,0,0,0,0,0,1,0,0,0,0,0,0,0,0,0,0,0,0,0,0,0,0,0,0,0,0,0,0,0,0,0,0,0,0,0
176,M8GLEDZnkNQ7EzH_EQedBw,5.0,0,0,0,0,0,0,0,0,0,0,0,0,0,0,0,0,0,0,0,0,0,0,0,0,0,0,0,0,0,0,0,0,0,0,0,0,0,0,0,0,0,0,0,0,0,0,0,0,0,0,0,0,0,0,0,0,0,0,0,2,0,0,0,0,0
177,MG5Mwc-dA34-L2LUCv43jg,5.0,0,0,0,2,0,0,0,0,0,3,0,0,0,0,0,0,0,3,0,0,0,0,0,0,0,0,0,0,1,0,1,0,0,0,0,0,0,0,0,0,0,0,0,0,0,1,0,0,0,0,0,0,0,0,0,0,0,0,2,0,0,0,0,0,0
178,MKd_EUD0PG__cOfIbeqYAg,4.5,0,2,0,10,0,1,1,0,1,8,9,1,4,3,2,1,0,13,2,2,1,16,1,4,1,1,45,57,5,0,9,10,13,3,3,0,3,2,25,0,0,1,0,5,0,2,3,2,0,9,1,1,0,0,0,3,0,0,1,3,1,5,10,3,0
179,MUS89o9JnvfqsDhFcW1Cfg,4.5,0,0,0,6,0,1,0,0,0,2,0,0,4,0,0,0,0,3,0,0,0,2,0,1,1,0,5,11,0,0,0,0,1,0,0,0,0,0,3,0,0,0,1,1,0,0,1,0,0,0,0,0,0,4,0,0,0,0,0,1,1,0,3,0,0
180,MWWOPM-o6lCEQ_SyD9AoaA,3.5,0,0,0,0,0,0,0,0,0,0,0,0,0,0,0,0,0,0,0,0,0,0,0,0,0,0,0,2,0,0,0,0,0,0,0,0,1,0,1,2,0,0,0,0,0,0,0,0,1,0,0,0,0,0,0,0,0,0,0,0,0,0,0,0,0
181,MdjZQiYwl8tljeAbx_fFZQ,4.5,0,0,1,0,0,0,0,0,0,1,1,0,3,0,2,0,0,1,1,0,0,2,0,2,4,0,0,1,0,0,0,0,0,1,0,0,0,1,3,0,0,0,1,0,0,1,1,0,0,0,1,0,0,1,2,0,0,1,0,1,10,0,3,0,0
182,MskQyUSHvBEEtztwwOqsug,4.0,0,0,0,1,0,3,0,1,0,0,0,0,0,0,0,0,0,1,0,0,0,0,0,1,2,0,4,3,0,0,0,0,0,0,0,0,0,0,0,0,1,0,0,0,0,0,0,1,2,0,0,0,0,2,0,0,0,1,0,0,1,0,0,0,0
183,MyITm7hhBUqRmz2PqlfhOw,4.0,0,0,1,1,0,1,1,0,0,3,9,0,0,1,0,0,0,7,6,2,2,8,1,2,1,0,16,31,1,0,6,2,0,2,0,0,0,1,8,0,0,0,0,3,0,1,1,0,3,2,0,2,1,1,0,6,0,0,0,3,0,5,8,0,0
184,N-COeLWbWoWNlDkFt0EeGw,3.0,1,0,0,1,0,0,0,0,0,0,0,0,0,0,0,0,0,1,0,0,0,0,0,0,0,0,0,1,0,0,0,0,0,0,1,0,0,1,0,1,0,0,0,0,0,0,0,0,0,0,0,0,0,0,0,0,0,0,0,0,1,0,0,0,0
185,N60yOH1GpH8wE9kln7m3XQ,4.5,0,0,0,0,0,0,0,0,0,0,1,0,0,0,0,0,0,0,0,0,1,1,0,1,0,0,4,1,0,0,0,0,1,2,0,0,0,0,2,0,0,0,0,2,0,0,0,0,0,0,0,0,0,0,0,0,0,0,0,0,0,0,0,0,0
186,NKJaFwykv90TS54XxB937g,5.0,0,0,0,4,0,0,1,0,0,1,0,0,0,0,0,0,0,3,0,0,0,1,0,0,1,0,1,1,1,0,2,0,0,0,0,0,0,0,0,0,0,0,0,1,0,0,0,0,0,2,0,0,0,0,0,1,0,0,1,0,0,0,2,0,0
187,NQN-ERs976mbnP6rkMwKtQ,4.0,0,0,0,0,0,1,0,0,0,3,0,0,0,0,1,0,0,0,0,0,2,2,0,2,0,0,10,9,0,0,0,0,1,0,0,0,0,2,2,0,0,0,0,2,0,2,0,1,2,3,0,0,1,5,0,0,0,0,0,0,0,0,0,0,1
188,NSo7OsZEwtFpSUBV7QmELg,4.5,0,0,0,1,0,0,0,1,0,0,2,0,1,0,0,0,0,3,0,0,0,0,0,0,0,1,3,3,0,0,1,0,0,0,0,0,0,1,1,0,0,0,0,0,0,0,0,0,0,1,0,0,0,0,0,0,0,0,1,0,0,0,0,0,0
189,NV9ftiLhePO0bNE1z8y6qw,4.0,2,0,0,0,0,2,1,0,0,7,1,0,1,0,0,0,0,3,4,0,0,1,0,8,2,1,8,8,1,0,1,0,2,1,2,2,0,2,2,1,3,0,0,0,0,1,0,2,1,2,0,0,0,0,1,1,2,3,4,0,5,0,7,0,0
190,NVqJEUQnvdm4eTXhb3TcHQ,5.0,0,0,0,0,0,0,0,0,0,1,0,0,0,0,0,0,0,1,0,0,0,1,0,0,0,0,0,0,0,0,0,0,0,0,0,0,0,0,0,0,0,0,0,0,0,0,0,0,0,0,0,0,0,0,1,0,0,0,0,0,0,0,0,0,0
191,NWfiyKZS8f_x7To-hwLd6Q,3.0,0,0,0,0,0,0,0,0,0,0,0,0,5,0,0,0,0,0,0,0,0,0,0,0,0,0,2,1,0,1,0,0,0,0,0,0,0,0,3,1,0,0,0,0,0,0,0,0,0,0,0,0,0,0,0,0,0,0,0,0,2,0,0,0,0
192,Ncvd4l3zo72FUK5kovQhYQ,4.0,0,0,1,2,5,3,0,4,0,3,4,5,3,0,2,1,0,16,3,1,0,4,0,0,9,0,27,24,0,1,3,3,1,1,2,1,0,1,14,4,0,0,0,4,0,0,3,3,3,3,0,0,0,2,0,7,0,1,6,2,0,4,5,0,0
193,Nj3DwfsDAwogVyFrGKxgnA,4.0,0,0,0,0,0,0,0,0,0,1,0,0,0,0,0,0,0,1,0,0,2,0,1,0,0,0,2,1,0,0,0,0,1,0,0,0,0,0,0,0,0,0,0,0,0,0,0,0,0,0,0,0,0,0,0,0,0,0,0,0,0,0,0,0,0
194,NroyyTFsCWXnqUIn5UXFlQ,4.5,0,0,0,3,1,0,0,0,0,0,1,2,0,0,0,3,0,2,2,0,0,1,1,0,1,2,2,5,1,0,0,0,0,3,0,1,1,0,4,0,2,0,0,2,0,0,0,1,0,0,1,0,0,1,0,1,0,0,1,0,1,0,0,1,0
195,Nu8xtxng4PKFQV1CBLeHgA,5.0,0,0,0,0,0,0,0,0,0,0,0,0,0,0,1,0,0,2,0,0,0,1,0,1,0,0,1,0,1,0,0,0,0,0,0,0,0,0,0,0,0,0,0,0,0,0,0,0,0,0,0,0,0,0,0,0,0,0,0,0,0,0,0,0,0
196,NwU-HudLWIL1GC-eTdb3Tw,5.0,0,0,0,0,0,0,0,0,0,0,0,0,0,0,0,0,0,1,0,0,0,1,0,0,0,0,1,1,0,0,0,0,0,0,0,0,0,0,1,0,0,0,0,0,0,0,0,0,1,0,0,0,0,0,3,1,0,0,0,0,0,0,0,0,0
197,NxmHbENUvV_cLRdXES1Jkg,4.0,1,0,0,3,0,0,0,0,0,1,0,0,1,0,0,0,0,3,0,0,0,3,0,0,0,0,3,2,0,0,2,0,3,0,0,0,0,0,1,0,0,0,0,0,0,0,0,0,0,1,0,0,0,1,1,0,0,0,3,0,0,0,0,1,0
198,Ny3fbYH-tFnSX9bvTQRvfw,4.0,0,0,0,0,0,0,0,0,0,0,0,0,1,0,0,0,0,0,0,0,0,0,0,0,0,0,2,1,0,0,0,0,0,0,0,0,0,0,0,0,0,0,0,0,0,0,0,0,0,0,0,0,0,0,0,0,0,0,0,0,0,0,0,0,0
199,O-fYUqXjkwNvRfFnlUH6Iw,3.0,0,0,0,1,0,0,0,0,0,0,1,0,0,0,0,0,0,0,1,0,0,0,0,0,2,0,0,1,0,0,2,0,0,0,0,0,1,0,2,1,0,0,0,1,0,0,0,0,0,0,0,1,0,1,0,0,0,0,0,0,0,4,1,1,0
200,O8LGIntnNi4tgMyPQT2myg,3.5,1,0,0,2,1,2,1,2,0,10,5,1,1,0,1,1,0,7,1,0,0,6,5,3,5,0,52,37,1,1,0,0,1,3,1,2,2,1,17,0,3,3,0,3,0,0,2,5,4,2,1,1,1,6,0,0,0,0,4,2,2,1,10,2,1
201,ODIGLVb1FkessrUsBiIheA,4.5,0,0,0,1,0,0,0,0,0,0,0,0,2,0,0,0,0,1,0,0,0,0,0,0,3,0,5,0,2,0,0,0,0,0,0,0,0,1,1,0,0,0,0,0,0,0,2,0,0,2,0,0,0,0,0,0,0,0,0,0,0,0,1,0,0
202,OYPsDi3aFc3fpUxo1Ik7yQ,4.5,0,0,0,0,0,0,0,0,0,0,0,1,1,0,0,1,0,2,0,0,0,2,0,0,1,0,3,4,0,0,0,0,0,1,0,0,0,1,2,0,0,0,0,0,0,0,0,0,0,1,0,0,0,0,0,0,0,0,0,0,4,0,0,0,0
203,OZdyrjtRDat_RL3n5ku3pQ,4.0,0,0,0,0,0,0,0,0,0,0,0,0,0,0,0,0,0,1,0,0,0,0,0,1,0,0,0,0,0,0,0,0,0,0,0,0,0,0,0,0,0,0,0,0,0,0,0,0,0,0,0,0,0,0,3,0,0,0,0,0,2,0,0,0,0
204,Ou1eo0K1F3AReNg2Z3kjYQ,3.0,0,0,0,0,0,0,0,0,0,0,3,0,0,0,0,0,1,0,0,0,0,0,0,3,0,0,3,3,2,0,0,0,0,0,1,0,0,0,1,0,0,0,0,0,0,0,0,0,0,0,0,0,0,1,0,0,0,0,0,0,0,0,0,0,0
205,Oy9xDxD-JtUzSurhOhboLg,4.5,0,1,2,8,0,2,2,2,2,10,1,0,1,0,1,0,0,10,2,0,4,0,0,0,12,0,12,8,1,0,4,1,2,0,0,1,3,1,2,0,0,0,0,12,0,0,6,2,3,6,3,1,1,2,4,1,0,2,15,5,23,4,8,8,1
206,P5L7HsRmsOYzbpzsIa8AEA,4.5,0,0,0,0,0,1,0,0,0,0,0,0,0,0,2,0,0,0,0,0,0,0,0,0,1,0,0,1,0,0,0,0,0,0,0,0,0,0,0,0,0,0,0,0,0,0,0,0,0,0,0,0,0,0,0,0,0,0,0,0,0,0,0,0,0
207,P7tnvgfHFCretdRxIEwbPw,4.0,0,0,1,0,2,0,0,0,0,0,1,0,2,0,1,0,0,5,0,1,0,0,0,1,0,0,6,6,0,0,1,0,0,0,1,0,0,1,2,2,0,0,0,0,0,0,0,0,1,0,2,0,0,2,1,0,0,0,0,0,0,0,1,0,0
208,PHnlbOQx9-fsIO6t4UByYA,4.0,1,0,0,1,0,0,1,0,1,4,0,1,1,0,0,0,0,11,1,0,0,0,1,3,3,1,2,2,0,0,0,2,0,0,0,0,0,0,3,1,1,0,0,2,0,0,0,0,5,1,0,0,1,2,0,0,0,0,2,1,3,1,3,0,0
209,PnfQvtyc5QNcKj7UCY-Riw,4.0,0,1,0,0,0,0,0,0,0,4,0,0,0,1,0,0,0,0,0,0,0,2,0,0,0,0,2,3,0,0,0,1,1,7,0,0,0,0,0,0,0,0,0,0,0,0,0,0,0,0,0,3,0,1,10,1,0,0,1,0,1,0,0,1,0
210,Pz_qQdmstSxmyFw1r0enDw,3.0,0,0,1,2,0,0,0,0,0,0,0,0,0,0,0,0,0,0,0,0,0,2,0,0,0,0,5,2,0,0,1,0,0,0,0,0,0,0,1,0,0,0,0,0,0,0,0,0,0,0,0,0,0,0,0,0,0,0,0,0,4,0,0,0,0
211,Q8b36PEPL61nxeQDcLBV7g,4.0,0,0,0,0,0,1,1,3,0,7,2,2,2,0,0,0,0,4,0,0,0,3,2,0,5,0,15,12,0,0,3,1,4,1,0,0,0,3,6,1,0,0,0,0,0,0,0,0,3,5,1,0,0,2,0,0,0,0,1,1,2,0,1,2,1
212,QEBS_iXJeUvZEP-tvoGAkg,4.0,0,0,0,0,0,0,0,0,0,0,1,0,0,0,0,0,0,0,0,0,0,0,0,0,0,0,0,0,0,0,0,0,0,0,0,0,0,0,0,0,0,0,0,0,0,0,0,0,0,0,0,0,0,0,0,0,0,0,0,0,0,0,0,0,0
213,QHr_fc_TLnGfUEuDEa2jDg,3.0,0,0,0,0,0,0,0,0,0,0,3,0,0,0,0,0,0,0,0,0,0,0,0,0,0,0,1,1,0,0,0,0,0,1,0,0,0,1,2,0,0,0,0,0,0,0,1,0,0,0,0,0,0,0,0,0,0,0,0,0,0,0,1,0,0
214,QIahrchu9mUW8DGZla8c7w,4.5,0,0,0,2,0,0,0,1,0,2,2,0,0,0,0,0,0,1,0,0,1,1,0,1,1,0,3,4,0,1,0,0,0,0,2,1,0,0,0,0,0,0,0,0,0,0,1,0,0,1,0,0,0,4,0,0,0,0,0,0,0,0,0,0,0
215,QQBk_36xFbNTp9kF0ZGHvA,4.5,0,0,0,0,0,0,0,0,3,0,0,0,0,0,2,0,0,1,0,0,0,3,0,0,0,2,1,7,0,0,0,0,1,0,0,1,0,0,4,0,0,0,0,1,0,0,0,3,0,0,0,0,0,0,0,0,0,1,1,1,0,0,2,0,0
216,QWA-sRNX-9npPFCkTIkxng,4.0,0,0,0,0,0,0,0,0,0,0,0,0,0,0,0,0,0,1,0,0,0,0,0,0,0,0,1,0,0,0,0,0,0,0,0,0,0,0,1,0,0,0,0,0,0,0,0,0,0,0,0,0,0,0,0,0,0,0,0,0,0,0,0,0,0
217,QYt6hKIEkwaBtIaemaZAsQ,3.5,0,0,1,0,0,0,2,0,0,3,0,0,2,0,0,0,0,2,4,0,0,2,0,1,2,0,21,18,0,0,0,0,1,0,0,0,0,0,2,0,1,0,0,0,0,0,0,0,1,0,1,0,0,1,0,0,0,0,1,1,1,0,6,0,0
218,QbMO_EunVMok_X01SkuJcw,4.5,0,0,0,0,0,0,0,0,0,0,0,0,0,0,0,0,0,2,0,0,0,0,0,0,0,0,2,0,0,0,1,0,0,0,0,0,0,0,4,0,0,0,0,0,0,1,2,0,0,1,0,0,0,0,0,0,0,1,3,0,0,0,0,0,0
219,Qmx1rFrQHpcYT6XPNgv0zQ,3.0,2,0,0,8,0,1,4,4,4,8,3,2,5,1,0,0,0,10,5,0,1,2,0,2,1,1,13,6,0,1,4,1,2,3,2,1,1,3,4,1,0,1,0,3,0,1,1,1,1,1,3,0,2,0,0,2,0,0,9,2,2,0,4,1,0
220,Qnspfy4Id5Vyd64FDQ9nxw,3.0,0,0,0,0,0,0,1,0,0,0,0,0,0,0,0,0,0,0,0,0,0,0,0,0,0,0,2,0,0,0,0,0,0,0,0,0,0,0,0,0,0,0,0,0,0,0,1,0,0,0,0,0,0,0,0,0,0,0,0,0,0,0,0,0,0
221,QofXroW2R5FzOzY4TdLTGQ,4.5,1,0,0,0,0,0,0,0,0,1,0,0,0,0,0,0,0,0,0,0,0,0,0,0,0,0,3,1,0,0,0,0,0,0,0,0,0,0,1,0,0,0,0,0,0,0,0,0,0,1,0,0,1,0,0,0,0,0,0,0,0,0,2,0,0
222,Qq8wydPBneDLtW671iOQDw,4.0,0,0,0,0,0,0,0,0,0,0,1,0,0,0,0,0,0,1,0,0,1,0,0,0,0,0,1,0,0,0,0,0,0,0,0,0,0,0,0,0,0,0,0,0,0,0,1,0,0,0,0,0,0,0,0,0,0,0,1,0,0,0,1,0,0
223,QqGMtc24VdCzYAajw1g4bA,4.0,2,2,0,13,0,4,0,4,1,8,2,2,5,2,1,2,0,18,5,1,1,4,2,5,3,0,53,40,2,0,1,10,6,8,0,2,3,3,14,1,1,0,5,9,0,2,0,4,6,1,1,5,1,1,2,5,0,0,4,5,4,3,9,10,1
224,Qs7X8UTwtp9SvtxvEP4hLg,5.0,0,0,0,0,0,0,0,0,0,0,0,0,1,0,0,0,0,0,0,0,0,0,0,0,0,0,0,1,0,0,1,0,0,1,0,0,1,0,0,0,0,0,0,0,0,0,0,0,0,1,1,0,0,0,0,0,0,0,0,0,0,0,0,0,0
225,Qs_5WTpjfXI-BPO8F1s1OA,5.0,0,0,0,0,0,0,0,0,0,0,1,0,0,0,0,0,0,0,0,0,0,1,0,0,0,1,2,0,0,0,0,0,0,0,0,0,0,0,0,0,0,0,1,0,0,0,0,1,0,0,0,0,0,0,0,0,0,0,0,0,0,0,1,0,0
226,R1GwW4C1gh2Nmue9K0WYVA,4.5,0,1,0,6,3,0,0,1,0,4,1,0,0,0,8,0,0,16,1,1,2,10,1,0,13,2,28,38,0,1,2,7,4,5,1,1,0,3,4,0,1,0,2,4,0,0,0,3,4,4,3,2,3,6,0,5,0,0,2,0,2,0,18,4,0
227,R1r4MkEQDJSdZUxEDcIG5w,4.5,0,0,0,1,0,0,0,0,0,0,0,0,1,0,0,0,0,0,0,0,2,0,0,2,2,0,7,8,2,0,1,2,1,0,0,0,0,0,1,0,0,0,0,0,0,1,1,0,3,1,0,0,0,1,0,0,0,0,10,0,0,0,1,2,0
228,RBiJRcNC7NoDf-XYMFrCBg,4.5,0,4,0,10,0,0,1,0,1,18,3,1,0,0,0,2,0,15,0,1,4,15,0,0,7,0,26,12,2,0,3,1,1,1,0,2,2,0,5,0,2,0,0,3,0,0,1,0,0,3,0,3,0,8,1,3,0,0,4,2,2,2,6,2,0
229,RJatAMr5N9BCkrDWSSi7-g,5.0,0,0,0,0,0,0,0,0,0,2,0,0,0,0,0,0,0,0,0,0,0,0,0,0,0,0,0,1,0,0,0,0,0,0,0,0,0,1,0,0,0,0,0,0,0,0,0,0,0,0,0,0,0,0,0,0,0,0,0,0,0,0,0,0,0
230,RN0BrjsrPCkzSCRL9xvf0g,3.0,0,0,0,0,1,1,0,0,0,0,1,0,1,0,0,0,0,3,0,0,0,0,0,0,0,0,3,3,2,0,0,0,0,0,0,0,0,0,1,0,1,0,0,0,0,0,0,0,0,0,0,0,0,0,1,0,0,0,1,0,0,0,1,0,0
231,RO_2jQaIM3FxlyV9hjW_Sw,2.0,0,0,0,0,0,0,0,0,0,2,0,0,0,0,0,0,0,0,0,0,1,0,0,0,0,0,0,0,0,0,0,0,0,0,0,0,0,0,0,2,0,1,0,0,0,0,0,0,0,0,2,0,0,0,5,0,0,0,0,0,0,0,1,0,0
232,RXyBD1euUHNxhU3_LE7z6Q,3.0,0,1,0,0,0,1,4,0,0,0,0,0,0,0,0,0,0,0,0,0,0,0,0,1,2,0,3,1,0,0,0,0,1,0,0,0,0,1,1,0,0,0,0,0,0,0,0,0,0,0,0,0,0,0,0,0,0,0,0,2,1,0,0,0,0
233,RZsk15TxnePHuL9l9jL51g,2.0,0,0,0,0,0,0,0,0,0,0,0,0,0,0,0,0,0,0,0,0,0,0,2,0,0,0,0,0,0,0,0,0,0,0,0,0,0,0,0,0,0,0,0,0,0,0,0,0,0,0,0,0,0,0,0,0,0,0,0,0,1,0,0,0,0
234,RdEb3U0CDIXElVJe3w5n6g,4.0,0,0,0,0,0,3,0,0,0,0,0,0,0,0,0,0,0,0,1,0,0,0,0,0,0,0,1,0,0,0,1,0,0,0,0,0,0,0,1,0,0,0,0,0,0,0,0,0,0,0,0,0,0,0,0,0,0,0,0,0,0,0,0,0,0
235,RgZBGd0IhjZapoNd6RvhHQ,4.5,0,0,0,0,0,2,1,0,0,1,1,0,0,0,1,0,0,2,1,0,0,0,0,0,0,0,0,7,0,0,1,0,0,0,0,0,0,0,0,0,0,0,0,0,0,0,0,0,0,0,0,0,0,2,0,0,0,0,0,0,4,1,0,0,0
236,RoSo1r-ATvtgxd6sNJvzpg,4.5,0,0,0,4,0,0,0,0,0,3,0,0,0,0,0,0,0,3,1,0,2,3,0,1,3,0,3,8,0,0,0,4,0,0,0,0,0,1,3,2,0,0,0,1,0,0,1,0,2,2,0,0,0,1,0,2,0,2,3,1,1,0,3,0,0
237,RqmORv3974ZDC6Zh4nSQwg,4.0,4,0,0,16,5,6,1,5,2,8,7,4,0,0,21,2,0,25,5,2,4,6,1,1,3,35,39,23,4,0,14,3,4,0,6,0,14,8,18,8,1,0,2,5,0,2,0,0,7,7,5,0,0,9,0,8,0,3,9,7,27,1,9,23,0
238,S-WbBty-kGOO3Fmwx3Jmlw,4.0,2,4,2,0,0,5,1,0,0,4,2,1,0,0,0,1,0,3,2,1,1,3,0,0,10,0,9,8,0,0,0,0,3,0,1,2,0,3,9,1,2,1,0,4,0,0,0,0,1,3,3,0,0,2,6,1,0,0,14,2,3,0,4,1,1
239,SHlfx41Mo4dk2WR1VyT2_Q,4.5,1,0,0,8,0,3,2,0,1,13,1,2,1,0,1,1,0,15,2,1,3,5,0,1,0,4,28,38,2,0,11,1,8,3,3,2,1,8,29,2,2,1,0,15,0,0,3,3,6,4,2,0,0,7,0,10,1,1,2,4,0,2,12,5,1
240,SLc54id9GKnHXaT_07WbFg,4.0,0,0,0,1,0,1,1,0,0,1,0,0,1,0,0,0,0,1,0,0,0,2,0,3,0,0,6,0,0,1,0,1,0,0,0,0,0,0,1,0,0,2,0,0,0,0,0,0,0,0,0,0,0,0,0,0,0,0,0,0,0,1,0,0,0
241,SZ8wQ0u11V3gCkOI8JEVCQ,3.0,0,0,0,0,0,1,0,0,0,3,1,0,0,0,0,0,0,1,3,0,0,0,0,2,0,0,6,0,0,0,0,0,0,0,0,0,0,3,1,1,0,0,0,0,0,0,1,1,0,0,0,0,0,0,0,0,0,0,2,1,3,0,1,0,0
242,SaBQcVm_qyRbiQBcVgAa1Q,4.0,0,0,0,0,0,0,0,0,0,1,0,0,0,0,0,0,0,0,0,0,0,0,0,0,0,0,0,0,0,0,0,0,0,0,0,0,0,0,0,0,0,0,0,0,0,0,0,0,0,0,0,0,0,0,0,0,0,0,0,0,0,0,0,0,0
243,ScGf3uUlHqlXpyOZ2DXTFw,3.0,1,1,0,0,0,0,1,0,0,0,0,0,1,0,0,0,0,0,1,0,0,1,0,0,1,0,2,1,0,0,0,0,0,0,0,0,0,0,0,1,1,0,0,0,0,0,0,0,0,0,0,0,2,0,0,0,0,0,0,0,3,0,1,2,0
244,Sd6kNeNCpY3FkGF-RmjQHw,4.0,1,0,0,5,0,3,1,1,0,7,1,0,1,0,2,0,0,6,0,1,1,10,0,0,6,1,12,15,1,0,2,4,2,1,0,0,1,2,8,1,0,0,1,1,0,1,0,2,1,3,2,3,0,0,4,1,0,2,0,1,37,0,4,1,0
245,SgEeVAVCVpDKvGem7g8fEQ,5.0,0,0,0,0,0,0,0,0,0,0,2,0,0,0,1,0,0,0,0,0,0,0,0,1,0,0,4,2,0,0,0,0,0,0,0,0,0,0,0,0,0,0,0,0,0,0,0,0,0,0,0,0,0,0,0,0,0,0,0,0,0,0,0,0,0
246,SpXBHrRfXJdocVkQa16zxg,3.0,0,0,0,3,0,0,2,0,0,2,4,1,1,0,0,0,0,2,3,0,0,1,0,1,1,0,9,11,1,1,2,1,1,0,0,0,1,0,0,0,2,1,0,2,0,0,2,0,2,0,0,0,0,2,0,0,0,1,2,0,3,0,2,1,1
247,Sr0M-89BdPm0Wy4zvBp_8g,4.0,0,0,0,0,0,0,0,0,0,0,1,1,0,0,0,0,0,0,0,0,0,0,0,0,0,0,1,1,0,0,0,0,0,0,0,0,0,0,0,0,0,0,0,0,0,0,0,0,0,1,0,0,0,0,0,0,0,0,0,0,0,0,0,0,0
248,SyzmdHL5CW0lEeOl86kABw,3.5,0,0,0,0,0,0,1,0,0,0,0,0,0,0,0,0,0,0,0,0,0,0,0,1,1,0,2,3,0,0,0,0,0,0,0,0,0,0,0,0,0,0,0,0,0,0,1,0,0,0,0,0,0,1,0,0,0,0,0,0,4,0,0,0,0
249,T3_-xKdPXzFbrS2py1a_wA,3.0,0,0,0,0,0,0,0,0,0,0,0,0,0,0,0,0,0,0,0,0,0,0,0,3,0,0,0,0,0,0,0,0,0,0,0,0,0,1,0,0,0,0,0,0,0,0,0,0,1,0,0,0,0,0,0,2,0,0,0,1,0,0,0,0,0
250,T8_NXVNymIRXsI7AcWgBcQ,4.5,0,0,0,0,1,1,0,0,0,1,1,0,0,0,0,0,0,2,0,0,0,0,0,0,1,0,2,4,0,1,0,1,0,0,1,0,0,1,4,0,0,0,0,1,0,0,0,0,1,0,0,0,0,1,0,0,0,1,0,0,0,1,0,0,0
251,T8c7Yl2Xp3cUkSfiRZpKMA,4.0,0,0,0,1,0,0,0,0,3,4,1,0,0,0,0,0,0,1,1,0,1,2,0,0,0,0,7,1,0,0,3,0,0,3,0,0,0,0,0,0,0,0,0,0,0,0,0,1,0,0,0,2,0,3,0,0,0,0,0,1,1,0,0,0,0
252,TKl7B-aVZY331W7e2Qd9Zw,3.5,1,0,0,0,2,0,2,2,0,2,2,0,7,0,1,0,0,1,1,0,0,3,0,2,1,0,2,1,0,0,0,0,0,3,1,1,0,2,3,0,0,0,0,0,0,1,0,1,0,0,0,1,0,0,3,0,0,0,0,0,12,0,1,1,0
253,TmGxQgFdiG585PCs_2hCew,4.5,0,0,0,0,0,2,0,0,0,1,2,0,0,0,2,0,0,0,1,1,0,1,0,2,2,0,9,4,0,0,0,0,0,0,0,0,3,0,2,0,0,0,0,4,0,0,0,1,0,0,1,0,0,1,9,0,0,0,1,0,3,0,1,2,0
254,U9KR7K5cdKy5kOr7UsG6EA,5.0,0,0,0,2,0,0,0,0,1,2,1,0,0,0,0,0,0,3,0,0,1,2,0,2,4,0,2,4,0,0,1,0,0,1,3,0,0,1,4,0,0,0,0,3,0,0,0,0,0,0,0,1,0,1,0,0,0,1,1,0,0,0,1,1,1
255,U9vCFCDQMQ8GFr5z48h8tQ,5.0,0,0,0,0,0,0,0,0,0,7,1,0,0,1,0,0,0,1,0,0,0,0,0,1,0,0,3,1,0,0,1,2,2,2,0,0,0,0,0,0,1,0,0,1,0,0,2,0,1,2,0,0,0,3,1,0,0,0,1,0,0,1,3,2,0
256,UVoIcd5KP3HZV6TP0oiFrA,4.0,0,0,0,0,0,0,0,0,0,0,0,1,0,0,0,0,0,2,0,0,0,0,0,0,0,0,2,2,0,0,0,1,0,1,0,0,0,0,0,0,0,0,0,0,0,0,2,0,0,0,0,0,0,0,5,0,0,0,0,0,9,0,0,0,0
257,UZ5Dka93BzTOjNhGktkvBQ,5.0,0,0,0,0,0,0,0,0,0,0,0,0,0,0,0,0,0,0,0,0,0,0,0,0,0,0,0,0,0,0,0,0,0,0,0,0,0,0,0,0,0,0,0,0,0,0,0,0,0,0,0,0,0,0,0,0,0,0,0,0,0,0,0,0,0
258,Uaa7D8zrRUQRhMZjhGXM5g,4.5,1,0,0,0,0,0,0,0,0,1,0,0,0,0,0,0,0,0,0,0,0,0,0,0,2,0,0,2,0,0,0,0,0,0,0,0,0,0,0,0,0,0,0,0,0,0,0,0,0,0,0,0,0,0,0,0,0,0,0,2,0,0,0,0,0
259,UdHRPszFOKuVs_8ZplzUhA,3.5,0,6,1,4,8,6,4,0,3,7,15,4,7,1,4,0,0,17,11,1,3,12,0,3,9,0,54,24,1,0,4,1,1,3,3,0,6,4,12,4,1,2,0,4,0,4,4,2,11,2,1,0,5,3,2,5,0,1,4,2,2,2,2,4,1
260,Uh6EhbFKgQlhVpfvnqsfHA,4.5,0,0,0,6,0,1,0,0,0,9,2,0,0,0,0,1,0,7,0,0,2,0,0,1,7,0,11,14,0,0,2,2,1,1,2,1,1,0,1,0,0,0,0,1,0,0,0,1,0,1,2,4,0,4,0,1,0,0,0,0,1,1,5,4,1
261,UoMijE0Ae_K6O6Vq7wNEOw,2.5,0,0,0,0,0,0,0,0,0,0,0,0,0,0,0,0,0,0,0,0,0,0,0,0,0,0,0,0,0,0,0,0,0,0,0,0,0,0,0,0,0,0,0,0,0,0,0,0,0,0,1,0,0,0,0,0,0,0,0,0,0,0,0,0,0
262,Uxjr17Us80sEhKCQxJch8A,5.0,0,0,0,0,0,0,0,0,0,0,1,0,0,0,0,0,0,3,0,0,0,1,0,0,0,0,0,0,0,0,0,0,0,0,0,0,0,0,0,0,0,0,0,0,0,0,0,0,0,1,0,0,0,0,0,0,0,0,0,0,1,0,1,0,0
263,Uylbni1gZLU9NYI2gwQKdQ,4.0,0,0,0,0,0,0,0,0,0,0,0,0,0,0,0,0,0,0,0,0,0,0,0,0,0,0,0,0,0,0,0,0,0,0,0,0,0,0,1,0,0,0,0,0,0,0,0,0,0,0,0,0,0,0,0,0,0,0,0,0,0,0,0,0,0
264,V0bvQOJKi9FfK-SkWJoNWw,3.0,0,0,0,0,0,0,1,0,0,0,0,0,2,0,0,0,0,0,0,0,0,0,0,0,0,0,3,5,0,0,0,0,0,0,0,0,0,0,3,1,0,0,0,0,0,0,0,0,0,1,0,0,0,0,0,0,0,0,0,0,3,0,0,1,0
265,V7d9l4OboubqTwRcSDE84A,3.0,0,0,0,0,0,0,0,0,0,0,0,0,0,0,0,1,0,2,0,0,0,0,0,0,0,0,3,0,0,0,0,0,0,0,0,0,0,0,0,0,0,0,0,1,0,0,0,0,0,0,0,1,0,0,0,0,0,0,0,0,4,0,0,0,0
266,VII-cR-cT9IMzxEtuUl4GA,3.5,0,0,0,0,0,0,0,0,0,0,0,0,0,0,0,0,0,0,0,0,0,2,0,0,0,0,1,0,0,0,0,0,0,0,0,0,0,0,0,0,0,0,0,0,0,0,0,0,0,0,0,0,0,0,0,0,0,0,0,0,0,0,0,0,0
267,VNyrLWOqd8o6RdKs0I6Fwg,4.5,0,0,0,1,0,0,0,0,0,5,2,0,0,0,0,0,0,2,0,0,1,7,0,1,0,1,7,11,0,0,2,0,0,1,0,0,0,1,1,0,0,0,0,3,0,0,0,0,0,1,0,0,1,0,0,0,0,0,0,0,1,0,0,0,0
268,VT8vUd-2s5IdvSNwhNHkpg,4.5,1,0,0,3,1,1,0,0,1,3,2,1,1,0,2,0,0,8,0,2,2,9,0,3,7,0,6,31,4,0,3,2,1,3,0,1,0,5,11,0,2,0,0,3,0,1,0,2,0,1,3,0,0,4,2,2,0,0,0,0,2,3,10,0,0
269,VaQhUU3P4Z5A3oYPsEMbkw,4.5,3,1,0,18,1,7,2,2,2,30,3,8,2,0,7,3,0,17,2,1,7,17,4,3,5,1,57,83,3,0,7,1,4,4,3,4,3,14,22,4,6,2,0,15,0,0,3,3,3,3,8,3,2,7,0,4,0,0,4,3,4,1,7,8,3
270,Vg0vloTvPK7G8Cfs2mO76g,4.5,0,0,0,0,0,0,0,0,0,0,0,0,0,0,0,0,0,0,0,0,0,1,0,0,1,1,1,4,0,0,0,0,1,0,0,0,0,1,4,0,0,0,0,0,0,0,0,0,0,1,1,0,0,0,0,0,0,0,0,0,0,0,0,0,0
271,VhEWjWUrcHFFNAyZN-TzyQ,4.0,1,1,0,8,1,5,1,1,2,3,5,1,0,0,0,0,0,8,2,0,1,1,0,18,1,0,14,16,0,0,5,1,0,0,0,1,0,3,6,3,0,0,0,2,0,0,0,0,0,7,2,1,0,5,1,0,0,0,5,0,2,3,4,5,0
272,VqPEQ7vi8jtW5e7Ub10KXQ,4.0,0,0,0,1,0,0,0,0,0,0,2,0,0,0,0,0,0,1,0,0,0,0,0,2,0,2,2,6,0,0,0,0,0,0,0,1,0,0,0,0,0,0,0,0,0,0,0,0,0,1,0,0,0,0,1,0,1,0,0,1,0,0,1,1,0
273,VwIl27-pUzifqTsSja1s3g,4.5,0,0,0,0,0,0,0,0,0,0,1,0,0,0,0,0,0,0,0,0,0,0,0,0,0,0,0,3,0,0,0,0,0,0,0,0,0,0,1,0,0,0,0,0,0,0,1,0,1,0,0,0,0,0,0,0,0,0,0,0,0,0,0,0,0
274,W7gGZgcgzv-LFvk-s5csXg,4.0,0,2,1,12,1,3,2,2,0,10,9,3,0,0,2,1,0,6,3,2,2,5,2,1,11,7,27,25,1,0,5,2,2,3,2,1,0,3,15,3,1,0,0,6,0,1,3,1,6,6,1,0,0,14,0,0,0,1,11,2,16,7,8,10,0
275,WOvR9fzuRR1y5LUPfvwYuQ,4.5,0,0,0,0,0,0,0,0,0,0,0,0,0,0,0,0,0,0,0,0,0,0,0,0,0,1,2,0,0,0,0,0,0,0,0,0,0,0,0,0,0,0,0,0,0,0,0,0,0,0,0,0,0,0,0,0,0,0,0,0,0,0,0,0,0
276,WXXHPnQ5ADn3mSbFmASHug,3.5,0,1,0,0,0,0,1,0,0,0,0,0,0,0,0,0,0,0,0,0,2,3,0,0,0,0,7,2,2,0,0,1,0,2,0,0,0,0,0,1,0,0,0,2,0,0,0,0,0,1,0,0,0,0,0,1,0,1,1,0,1,0,1,2,0
277,WoPfxF4x9AWH9SxOJtCPFg,4.5,0,0,0,0,0,1,0,0,0,0,0,0,0,0,0,0,0,0,0,0,1,0,0,0,0,0,2,0,0,0,0,0,0,0,1,0,0,0,1,0,0,0,0,0,0,0,0,1,0,0,0,0,0,0,7,1,0,0,0,0,0,0,0,0,0
278,WoiOpMEcbAfOqNYXqDwm3Q,4.5,0,3,0,9,2,3,0,0,3,8,0,0,1,0,0,0,0,9,3,1,1,3,0,0,7,0,7,13,0,0,1,1,0,0,0,1,1,0,6,0,0,0,2,2,0,0,0,0,2,1,0,1,0,0,0,0,0,1,0,0,1,0,3,5,0
279,WthUXmfVevQPMZ_LB2-q-A,4.5,2,0,1,7,1,2,3,0,0,22,3,0,0,3,0,2,0,20,4,0,3,13,0,2,7,5,17,25,1,0,3,3,6,3,1,1,0,1,5,1,0,4,0,8,0,0,0,2,2,7,7,0,0,1,0,1,0,0,0,4,1,1,9,8,0
280,Xdd6CNWA5RFvsweTbQ47Ow,3.0,0,1,2,0,0,0,1,0,0,0,2,0,2,0,0,0,0,0,1,0,0,2,0,2,0,0,4,3,0,0,0,0,0,0,0,0,2,3,1,0,0,0,0,0,0,1,0,0,0,0,0,0,0,0,0,0,0,0,1,0,8,0,4,0,0
281,XxoVuGxIRg0e9RevFhWFag,4.5,0,0,0,1,0,1,0,0,0,4,1,0,0,0,0,0,0,6,1,0,0,0,0,0,2,1,4,1,1,0,0,0,1,0,0,0,0,0,1,0,0,0,0,0,0,0,0,0,0,1,2,0,0,0,0,0,0,0,1,1,0,0,5,0,0
282,XzV11KRNHlUaIweyKH21wA,4.0,0,0,0,0,0,1,0,0,0,2,0,0,0,0,2,0,0,3,0,0,3,4,0,4,0,0,1,6,0,1,0,0,0,0,0,0,0,1,3,1,0,0,0,0,0,0,0,0,1,0,1,0,0,0,0,6,1,0,2,0,0,0,1,0,0
283,YAh8NNgq3vSRxQW6PQQ5Yg,4.0,1,0,0,4,0,1,0,0,0,2,4,0,0,0,1,0,0,3,0,0,0,1,0,0,0,0,8,2,1,0,0,0,2,0,0,0,0,3,0,4,0,0,0,0,0,0,0,0,0,2,0,0,2,3,1,0,1,0,2,2,0,0,0,0,0
284,YJA8z0m0B8K9zQrmBoHaeA,5.0,0,0,0,0,1,0,0,0,0,1,0,0,0,0,2,0,0,1,0,0,0,0,0,0,1,0,1,4,0,0,0,0,0,0,0,0,0,0,0,0,0,0,0,0,0,0,0,0,0,0,0,0,0,2,1,0,0,0,0,0,1,0,0,0,0
285,YTvmCEf-udtvxPglJ5L1iA,4.0,0,0,0,0,0,0,0,0,0,0,0,0,0,0,0,0,0,0,0,1,0,0,0,0,0,0,1,0,0,0,0,0,0,0,0,0,0,0,0,0,0,0,0,0,0,0,0,0,0,0,0,0,0,0,0,0,0,0,0,0,0,0,0,0,0
286,YVrGlYTCU0ET2n_efLb78g,5.0,0,0,0,2,0,0,0,0,0,0,0,0,0,0,0,0,0,1,0,0,0,1,0,0,0,0,0,0,0,0,0,0,0,0,0,0,0,0,0,0,0,0,0,0,0,0,0,0,0,0,0,0,0,0,0,0,0,0,0,0,0,0,0,0,0
287,YXEasvfJsK-U5zCkZxelhQ,3.5,0,0,0,0,0,0,0,0,0,0,0,0,0,0,0,0,0,0,0,0,0,0,0,0,2,0,0,0,0,0,0,0,0,0,0,0,0,0,2,0,0,0,0,0,0,0,0,0,0,0,0,0,0,0,0,0,0,0,0,0,1,0,0,0,0
288,YadN7pDaK36He8mslyy5xw,3.5,0,0,0,0,0,0,0,0,1,0,0,0,0,0,0,0,0,2,0,1,0,1,0,0,0,0,1,0,0,0,0,0,1,0,0,0,0,0,0,0,0,0,0,0,0,0,0,0,0,1,0,0,0,0,0,0,0,0,0,0,0,0,0,0,0
289,YtZNYWsQla7hwiE7PSVD-A,2.0,0,0,0,0,0,0,2,1,0,0,0,0,0,0,0,0,0,0,0,0,0,0,0,0,0,1,0,0,0,0,0,0,0,0,0,0,0,0,0,0,0,0,0,0,0,0,1,0,0,0,0,0,0,0,0,0,0,0,0,0,0,0,0,0,0
290,Yx7nuv4EVV-99PT1oR2AKw,3.5,0,0,0,1,0,0,1,0,0,2,0,0,0,0,0,0,0,0,0,0,0,2,0,0,1,0,0,0,0,0,0,0,0,0,0,0,0,2,1,0,0,0,0,0,0,0,0,0,0,1,0,0,0,0,0,1,0,0,0,1,0,0,0,0,0
291,Z2NIEKTVVP2nEmOF4jNxqQ,4.5,0,4,3,33,0,13,2,0,6,65,5,5,4,2,4,0,0,58,4,1,14,30,4,0,36,9,61,60,8,2,14,2,4,1,2,6,10,20,23,3,4,2,2,23,0,1,7,2,10,15,7,4,0,7,5,2,0,2,22,7,11,6,20,25,0
292,Z5qUIUxv9XAjC1NPy5QUfw,4.5,0,0,0,1,0,1,0,0,1,2,0,0,1,0,0,0,0,5,0,0,0,3,0,0,2,0,5,3,1,0,0,0,0,0,0,0,0,2,0,0,0,0,0,0,0,0,2,0,0,0,0,0,0,0,0,0,0,0,0,2,0,1,1,0,0
293,ZB368AhxTlEVyWzT05Uksw,3.5,0,0,0,0,0,0,0,0,0,0,0,0,0,0,0,0,0,0,0,0,0,0,0,0,0,0,0,1,0,0,0,0,0,0,0,0,0,0,0,0,0,0,0,0,0,0,0,0,0,0,0,0,0,0,0,0,0,0,0,0,0,0,0,0,0
294,ZJbYPQXVykwmjcvvIXS2EQ,4.0,0,0,0,0,0,0,0,0,0,0,0,0,1,0,0,0,0,0,0,0,0,0,0,0,0,0,0,0,0,0,0,0,0,0,0,0,0,0,0,0,0,0,0,0,0,0,0,0,0,0,0,0,0,0,0,1,0,0,0,0,0,0,0,1,1
295,ZR_UyVncA3R3pQu79MGr_A,3.5,0,0,0,4,0,7,4,2,1,10,4,4,2,0,0,1,0,7,3,0,4,2,3,0,5,0,26,18,2,0,0,3,2,1,2,0,1,2,5,7,1,0,0,7,0,0,1,0,2,2,0,0,0,3,0,1,1,0,3,1,2,0,5,7,0
296,ZVWSOxlmz1yJfbZaJwYOug,4.5,0,0,0,0,0,2,1,0,0,1,0,0,0,0,0,1,0,5,0,0,0,1,0,0,0,0,3,1,0,0,0,0,2,0,0,0,0,0,0,0,0,1,0,1,0,0,0,0,0,0,0,0,0,1,1,0,1,0,0,0,0,0,1,0,0
297,ZrNuzOZAr6UwQoJ9JNYWWw,5.0,0,0,0,0,0,0,0,0,0,0,0,0,1,0,0,0,0,1,0,0,0,0,0,0,0,1,0,0,0,0,0,0,0,0,0,0,0,0,0,0,0,0,0,0,0,0,0,0,0,0,0,0,0,0,0,0,0,0,0,0,0,0,0,0,0
298,_39OLUYrHvOAxfg3kcgZxQ,5.0,0,0,0,1,0,0,0,0,0,2,1,0,0,0,0,0,0,1,0,0,3,0,0,0,0,0,1,6,0,0,0,0,0,0,0,0,0,0,0,0,0,0,0,0,0,0,0,0,0,0,0,0,0,0,0,0,0,0,1,0,0,0,0,0,0
299,_6C-yZCmIyOmPESJbwyaSQ,4.5,0,0,0,4,0,1,0,0,0,2,0,0,1,2,1,0,0,15,0,1,0,3,0,14,1,0,9,25,1,1,0,2,1,0,2,2,0,2,9,0,4,0,0,7,0,1,1,0,0,0,0,2,0,0,0,1,0,2,3,4,2,1,1,0,0
300,_6EzZ_7cT7LUCgyIuRUEJw,1.5,0,0,0,0,0,0,0,0,0,0,0,0,0,0,0,0,0,0,0,0,0,0,0,0,0,0,0,0,0,0,0,0,0,0,0,0,0,0,0,0,0,0,0,0,0,0,0,0,0,0,0,0,0,0,0,0,0,0,0,0,0,0,0,0,0
301,_6nBPPPoyrTtqD1pEEMgbw,3.0,0,0,0,0,0,0,0,0,0,0,0,0,0,0,0,0,0,0,0,0,0,0,0,0,0,0,0,0,0,0,0,0,0,0,0,0,0,0,0,0,0,0,0,0,0,0,0,0,0,0,0,0,0,0,0,0,0,0,0,0,0,0,0,0,0
302,_90zPZXAohZpRLGOx4ExrQ,4.0,0,0,1,0,0,2,0,0,1,3,0,0,0,1,0,0,0,1,0,0,0,0,0,0,0,0,5,4,0,1,2,0,1,0,0,0,0,1,1,0,0,0,0,1,0,0,0,0,0,4,0,0,0,0,0,0,0,0,0,0,0,0,1,1,0
303,_XlO-uEB3ZMA19Q8Ljbipw,4.5,1,0,0,2,0,5,3,1,0,3,2,0,0,2,4,0,0,22,0,2,5,4,1,0,15,1,17,45,5,0,3,0,0,0,0,0,0,3,6,0,0,0,1,5,0,1,0,0,6,5,1,1,1,4,1,11,0,0,0,2,3,0,6,0,1
304,_YbzxBhz0L7tV-f8KGiNDA,4.0,0,0,0,0,0,3,0,0,0,3,0,0,0,0,1,0,0,1,0,0,0,1,0,0,0,0,4,6,0,0,0,0,0,0,0,0,0,2,1,0,0,0,0,0,0,0,0,0,0,0,1,1,1,0,14,0,0,0,0,2,1,0,0,0,0
305,_ewDPNKX5MsTGl2JebHvMQ,1.5,0,0,0,0,0,0,0,0,0,0,0,0,0,0,0,0,0,0,0,0,0,0,0,0,0,0,0,0,0,0,0,0,0,0,0,0,0,0,0,0,0,0,0,0,0,0,0,0,0,0,0,0,0,0,0,0,0,0,0,0,0,0,0,0,0
306,a-1xCtrEkpiwOPuKKWosZQ,4.0,0,0,0,0,0,0,0,0,0,1,0,0,0,0,0,0,0,0,0,0,0,0,0,0,1,0,1,3,0,0,0,0,0,0,0,0,0,0,1,0,0,0,0,0,0,0,0,0,0,0,0,0,0,0,0,0,0,1,0,0,0,0,0,0,0
307,a-YTE0oKRdIq8GdQ97X-_Q,3.5,0,4,1,9,1,5,5,7,1,4,9,1,0,1,14,0,0,14,2,0,4,12,1,8,4,9,32,34,0,1,3,2,6,4,2,3,4,1,7,3,1,2,0,2,0,0,0,1,1,6,8,2,2,1,5,0,0,0,15,5,25,0,9,4,0
308,aAezZJlhii3kDhtxBTXNuw,5.0,0,0,0,0,0,0,0,0,0,0,0,0,0,0,0,0,0,0,0,0,0,0,0,0,0,0,0,1,0,0,0,0,0,0,0,0,0,0,0,0,0,0,0,0,0,0,0,0,1,0,0,0,0,0,0,1,0,0,0,1,0,1,0,0,0
309,aJwVO17rF28WPCWes9qCkA,4.0,2,0,0,3,2,0,0,1,0,1,0,0,0,0,1,0,0,0,0,0,2,1,0,0,2,0,1,4,0,0,0,1,1,0,0,0,0,0,0,0,0,0,0,1,0,0,0,0,0,0,0,0,0,0,0,0,0,0,1,1,0,0,2,0,0
310,aMaTfq-8li4OFvX4kAQLhw,4.0,0,0,0,0,0,0,0,0,0,0,0,0,1,0,0,0,0,3,0,0,3,0,0,0,0,0,1,4,0,0,0,0,0,0,0,0,0,0,0,0,0,0,0,0,0,0,0,0,1,0,0,0,0,0,0,0,0,0,0,0,1,2,0,0,0
311,asls06FL7gbC5DMz8AMzlA,4.5,0,0,0,3,0,3,0,0,0,6,0,1,2,0,0,0,0,1,0,0,0,3,0,2,1,0,1,6,2,0,0,0,0,0,0,0,0,0,1,0,0,0,0,0,0,0,0,0,3,0,1,0,0,2,1,0,0,1,1,0,0,0,0,1,0
312,ay8R8W91B7Mm-dv4O6apEg,4.5,0,0,0,0,0,1,2,0,0,3,2,0,0,0,0,0,0,1,0,0,1,2,0,0,0,0,3,1,1,0,0,0,0,0,0,0,1,0,0,0,0,2,0,0,0,1,0,0,0,1,0,0,0,2,0,0,0,0,0,0,0,0,0,0,0
313,b6vi3Ub0tbGzGtG-pVgJfQ,4.5,0,0,0,0,0,0,0,0,0,0,1,0,0,0,0,0,0,0,0,1,0,0,0,0,0,0,1,3,0,0,0,0,1,0,0,0,0,0,0,0,0,3,0,0,0,0,0,0,0,0,0,0,0,0,0,0,0,0,0,0,1,0,0,0,0
314,b8WmIVLCvMYylVedI_nXjw,3.5,0,0,0,1,0,0,0,1,0,0,1,1,0,0,0,0,0,2,0,0,0,0,0,1,0,0,2,0,0,0,0,0,1,0,0,0,0,0,0,0,0,0,0,1,0,0,0,0,0,0,0,0,0,0,0,0,0,0,1,0,0,0,0,0,0
315,bGdsMEAf6cijRl-trr1iCg,4.0,0,0,0,1,0,0,0,0,0,0,0,0,0,0,0,0,0,0,0,0,0,0,0,0,0,0,1,1,0,0,0,0,0,0,0,0,0,1,1,0,0,0,0,1,0,0,0,0,0,0,0,0,0,0,0,1,0,0,1,0,1,0,0,0,0
316,bLva9YGmDcnar3YKHE2XzA,3.5,0,0,0,0,1,0,0,1,0,0,3,0,4,0,2,0,0,1,2,0,0,2,0,3,7,1,2,4,0,0,1,0,1,0,0,1,0,1,1,0,0,0,1,0,0,0,0,0,0,0,0,0,0,0,4,0,0,0,0,0,8,0,1,0,0
317,bXCWON2Me0o86qvAb-XZPQ,4.5,1,4,1,31,4,15,5,2,7,5,4,2,3,2,4,0,0,70,2,3,10,14,2,3,21,4,80,87,5,0,17,3,4,1,2,2,0,8,24,6,0,0,1,21,0,2,7,2,9,14,3,0,0,17,2,4,9,10,5,8,12,5,10,5,1
318,bfZiZgeIB9txFq4Zgl1yRA,3.0,0,0,1,0,0,2,2,0,0,1,0,0,2,0,1,0,0,4,2,0,2,0,0,0,2,0,3,5,0,0,1,1,1,0,1,0,0,1,2,3,0,0,0,0,0,0,1,0,0,1,0,0,7,2,0,0,0,0,4,0,1,0,0,0,0
319,bywPKk3pvRBxwMWrFVD7Lw,4.0,0,0,0,3,0,0,0,0,0,3,2,0,0,0,0,0,0,0,0,0,0,2,0,1,0,0,2,10,3,0,2,0,0,0,0,0,0,2,2,1,0,0,1,0,0,1,1,3,0,0,0,0,0,2,0,0,0,0,0,0,0,0,0,0,0
320,cEtvNfDOSjvT7k_-fe8ISQ,3.0,0,0,0,0,0,1,0,0,0,1,0,0,0,0,0,0,0,0,0,0,0,0,0,0,0,0,2,1,0,0,0,0,0,0,1,0,0,0,1,0,0,0,0,0,0,0,0,0,1,0,0,1,0,1,0,0,0,0,0,0,0,0,0,0,0
321,cF94J7DhVdKWGMkDYmgyxQ,4.5,0,0,0,0,0,0,0,0,0,1,0,0,0,0,0,0,0,0,0,0,0,0,0,0,0,0,0,0,0,0,0,0,0,0,0,0,0,0,0,0,0,0,0,0,0,0,1,0,0,0,0,0,0,0,0,0,0,0,0,0,0,0,0,0,0
322,cFWfBh_oCv85WFA6ehP2PQ,4.0,0,3,0,0,0,4,0,0,0,2,0,0,2,0,0,0,0,0,0,0,0,0,1,0,1,0,7,8,0,0,0,0,0,0,1,0,0,0,8,0,0,0,0,0,0,0,0,0,0,0,0,1,0,0,0,0,0,0,0,0,0,1,0,0,0
323,cPZ5ugSrVrqnqD5ZsJhnpA,3.5,0,2,0,2,0,0,0,0,0,0,2,1,1,0,0,0,0,1,1,0,0,0,0,0,2,0,2,1,0,1,0,0,1,0,0,3,0,0,0,3,0,0,0,1,0,0,0,0,0,0,0,0,0,0,0,1,0,1,1,0,0,1,0,0,0
324,cmaPrML-0zCJOs8_1VYmaw,4.5,0,0,1,1,1,5,0,0,0,5,0,2,7,0,2,0,0,2,1,1,0,0,1,3,5,4,6,10,2,0,0,0,0,2,1,0,0,0,2,0,0,0,1,2,0,0,0,0,2,1,0,0,0,1,2,1,0,0,4,0,18,0,1,0,0
325,cnc8kM9UnK97zm0knxI46A,4.5,0,0,0,0,0,0,0,0,0,0,0,0,0,0,0,0,0,3,0,0,0,1,0,1,0,0,0,1,0,0,1,0,0,0,0,0,0,1,0,0,0,0,0,0,0,0,0,0,0,0,0,0,0,1,2,0,0,0,0,0,2,0,3,0,0
326,cvM7SnDFJdaUGJXxzz_Z2Q,3.0,0,0,0,0,0,0,0,0,0,0,0,0,0,0,0,0,0,0,0,0,0,0,0,0,0,0,0,0,0,0,0,0,0,0,0,0,0,0,0,0,0,0,0,0,0,0,0,0,0,0,0,0,0,0,0,0,0,0,0,0,0,0,0,0,0
327,d6Skwa65ZxoO0NCBbzKlhA,3.5,0,0,0,0,1,0,2,0,0,3,0,0,0,0,0,0,0,0,0,0,0,0,0,0,0,0,2,3,0,0,0,0,0,0,0,0,0,0,0,0,0,0,0,0,0,0,1,0,0,0,0,0,0,0,0,0,0,1,0,0,1,0,0,0,0
328,dG-N36uSMeoqCrU27At-Qw,3.5,0,0,0,2,4,0,0,0,0,1,0,0,0,0,0,0,0,2,2,1,4,1,3,0,1,0,19,11,0,0,1,0,0,0,1,2,0,0,2,0,0,0,0,4,0,1,0,0,0,1,0,0,1,1,0,1,0,2,1,3,1,1,4,0,2
329,dJ0R-XT78LUQeNHQkD-G9g,3.5,0,0,0,0,0,0,0,1,0,1,0,0,0,0,0,0,0,0,0,0,0,1,0,0,0,0,0,0,0,0,0,0,0,1,0,0,0,0,1,0,0,0,0,0,0,0,0,0,0,0,0,0,0,0,1,0,0,0,0,0,2,0,0,0,0
330,dMLGSQlmo6MhLD18grRENA,4.5,0,0,0,4,0,0,1,2,0,4,2,1,1,0,0,0,0,1,0,0,0,1,0,0,0,0,5,2,0,0,1,0,1,0,0,0,2,0,1,0,0,1,0,0,0,0,0,0,0,3,0,0,0,1,0,5,0,0,1,1,1,0,0,0,0
331,dRbmeC5hl211hH-WeMtv-g,4.5,1,0,0,12,3,5,2,2,5,3,7,1,7,1,6,0,0,23,3,0,2,7,0,5,3,5,39,39,2,2,6,0,3,1,0,1,1,2,10,1,3,4,0,1,0,1,3,2,4,4,1,0,1,4,1,2,0,2,5,3,12,1,4,7,0
332,dld6pdZwpmyMByl2xTbRRg,4.5,0,0,0,1,0,2,0,0,0,1,0,0,0,0,0,0,0,1,0,0,0,1,0,0,0,0,1,0,0,0,0,0,0,0,1,0,0,0,0,0,0,0,0,0,0,0,0,0,2,0,0,0,0,1,0,1,0,0,0,0,0,0,0,0,0
333,dukZ5XrXMMu21SnGjPF4_g,4.0,0,0,0,0,0,0,0,0,0,3,0,0,0,0,0,0,0,0,0,0,0,0,0,0,0,0,5,0,0,0,0,0,0,0,2,0,0,2,0,0,0,0,0,0,0,0,0,0,0,0,0,0,0,0,0,0,0,0,0,0,0,0,2,0,1
334,e7w5HzwQEbFQn5xB5dviZQ,5.0,0,0,0,4,0,0,0,0,0,1,0,0,0,0,0,0,0,0,0,0,1,0,0,0,1,0,4,2,1,0,2,0,0,0,0,0,0,0,1,0,0,0,0,0,0,0,0,0,0,0,4,0,0,0,0,0,0,0,0,0,0,0,2,0,0
335,eNc79h90mhuQDSE94fcGUQ,4.5,0,0,0,0,0,0,0,0,0,0,0,0,0,0,0,0,0,0,0,0,0,0,0,1,0,0,0,1,0,0,0,0,0,0,0,0,0,0,0,0,0,0,0,0,0,0,0,0,0,0,0,0,0,0,2,0,0,0,0,0,0,0,0,0,0
336,eY3A2vtjccBfMXaybhS0yQ,3.5,0,0,0,0,0,0,0,0,0,0,0,0,0,0,0,0,0,0,0,0,0,0,0,0,0,0,0,1,0,0,0,0,0,0,0,0,0,0,0,0,0,0,0,0,0,0,0,0,0,0,0,0,0,1,0,0,0,0,0,0,0,0,0,0,0
337,f3y-4wAlDodHv-3Qnrg-vQ,3.0,0,0,0,0,0,0,0,0,0,0,0,0,0,0,0,0,0,0,0,0,0,0,0,0,0,0,0,0,0,0,0,0,0,0,0,0,0,0,0,0,0,0,0,0,0,0,0,0,1,0,0,0,0,0,0,0,0,0,0,0,0,0,0,0,0
338,f78Acx0_Yl_93mqRzq5IUQ,4.0,0,0,0,4,0,7,1,0,2,9,2,0,0,0,0,0,0,4,0,0,0,3,0,3,3,0,4,7,1,0,2,3,2,0,0,0,0,5,0,0,0,0,0,1,0,0,0,0,0,0,1,1,0,1,1,1,0,1,1,0,3,0,3,4,0
339,fJibIXjJJPL_DicEfOpYNA,4.5,0,0,0,1,0,1,2,1,0,0,0,1,0,0,0,0,0,1,0,0,0,0,0,0,0,0,3,2,0,0,0,0,0,1,0,0,0,0,3,0,0,0,0,0,0,1,0,0,0,0,0,0,0,0,11,0,0,2,1,0,0,0,0,0,0
340,fOiEnLJk4qnp8j7onjvm4A,4.5,0,0,0,1,0,0,0,0,0,0,0,0,0,0,0,0,0,5,0,0,1,0,0,0,1,0,3,3,0,0,0,0,0,0,0,0,0,0,0,0,0,0,0,0,0,0,0,0,2,0,0,0,0,0,0,0,0,0,0,0,0,1,3,1,0
341,fVFUFPELfVp0j2sS85BA9Q,4.5,1,0,0,2,0,2,0,0,0,5,0,0,0,0,0,0,0,5,1,0,1,3,0,0,0,0,7,3,0,0,4,0,0,0,1,0,0,1,5,1,0,0,0,4,0,1,0,0,1,3,0,0,0,0,0,0,0,0,4,0,2,0,2,1,0
342,fVLjkKl1vP-jQEG9GBEOog,4.5,0,0,0,1,0,2,0,2,0,3,1,0,0,0,0,0,0,2,0,0,1,2,0,1,1,0,1,10,0,0,0,0,0,0,0,0,0,1,0,1,0,0,0,0,0,0,0,0,7,3,3,0,0,0,0,1,0,0,1,1,0,0,1,0,0
343,fYvGO1IYAmGpSYlSY6VlYg,4.0,0,0,0,0,0,0,0,0,0,0,1,0,0,0,0,0,0,1,0,0,0,0,0,0,0,0,2,1,0,0,0,0,0,0,0,0,0,0,0,0,1,0,0,0,0,0,0,0,0,0,0,0,0,0,0,0,0,0,0,0,0,0,0,0,0
344,fdCfF3DWRPaMbkxVuwbkOw,5.0,0,0,0,0,0,0,0,0,0,0,1,0,0,2,0,0,0,2,0,0,0,1,0,0,1,0,4,7,0,0,1,0,0,0,0,0,0,0,0,0,0,0,0,2,0,1,1,0,0,0,0,0,1,0,0,0,0,0,0,0,0,0,0,0,0
345,flOEjRpPmiO42oRmJ51glw,4.5,0,0,0,0,0,0,0,0,0,0,0,0,0,0,0,0,0,0,0,0,0,0,0,0,0,0,4,0,0,0,0,0,0,0,0,0,0,0,2,0,0,0,0,0,0,0,0,0,0,0,1,0,0,0,1,0,0,0,0,0,0,0,0,0,0
346,fvaOb76lVSZ1hqcMRjGxIw,4.5,0,0,0,0,0,0,0,0,0,0,1,0,0,0,2,0,0,2,1,0,0,3,0,0,0,1,0,2,1,0,3,0,0,0,0,0,0,1,0,0,0,0,0,0,0,0,0,0,0,2,0,0,0,0,0,0,0,0,4,0,0,0,1,0,0
347,fzPp9ZdDhOovfqH_-Ksk-A,4.5,0,0,0,1,2,3,0,0,2,7,3,1,4,0,0,0,0,7,0,1,0,0,0,0,4,0,7,9,1,0,4,0,0,0,0,0,1,0,4,0,0,0,0,2,0,1,1,0,0,3,0,2,0,0,1,0,0,0,2,1,0,0,1,2,0
348,fztPJ0pazo-QwncprOjGOA,4.0,1,0,0,1,0,0,0,0,0,1,1,0,3,0,0,0,0,1,0,2,1,1,0,0,0,0,3,1,0,0,2,0,2,1,0,0,0,0,3,0,0,0,0,0,0,0,0,0,0,2,0,0,0,0,0,0,0,0,1,0,1,0,0,0,0
349,g2CMpjM8bBNQOQPIi4DKIw,3.0,0,0,0,0,0,0,0,0,0,0,0,0,0,0,0,0,0,0,0,0,1,0,0,0,0,0,0,0,0,0,1,0,0,0,0,0,0,0,0,0,0,0,0,0,0,1,0,0,0,0,0,0,1,0,0,0,0,0,0,1,0,0,3,0,0
350,gMYIMk9hpkNKTbdfP0MYRQ,4.5,0,0,0,0,0,0,0,0,0,1,1,0,2,0,0,0,0,1,1,0,1,8,0,0,1,0,6,6,0,0,0,0,0,0,0,0,0,0,3,0,0,0,0,3,0,0,1,0,0,1,1,0,0,2,0,0,0,0,1,0,0,0,1,1,0
351,gfIVwp0RkM5yMa1u3mbB4Q,4.5,0,2,1,8,2,8,0,0,6,7,0,1,1,0,3,0,0,22,0,0,6,2,1,1,7,0,24,38,4,0,3,3,1,2,1,0,2,2,12,1,0,1,0,7,0,0,3,3,7,3,1,3,0,3,0,4,0,3,6,1,0,0,15,6,0
352,gypeQSuD8-09CtzkZSWfxw,4.5,0,0,0,0,0,0,0,0,0,0,0,0,0,0,0,0,0,0,0,0,0,1,0,0,2,0,1,1,0,0,0,0,0,0,0,0,0,0,0,0,0,0,0,0,0,0,0,1,0,0,0,0,0,0,0,0,0,0,0,1,1,0,0,0,0
353,gzglb8NszrEtF1pWSrvjtg,4.0,0,0,0,0,1,0,0,0,0,2,0,0,0,0,0,0,0,0,0,0,0,1,0,0,3,0,1,2,0,0,0,0,1,0,0,0,0,0,1,0,0,0,0,0,0,0,0,0,0,0,0,0,0,0,0,0,0,0,1,0,0,0,3,0,0
354,h5XqYtEmRuQ6yI0IyG6oNQ,4.5,1,1,0,1,0,1,0,0,0,4,0,1,0,0,0,0,2,0,0,0,3,0,0,0,8,0,7,9,0,0,0,0,0,0,0,0,0,0,2,0,0,0,0,0,0,0,0,0,0,0,0,0,0,2,0,4,0,0,2,1,1,0,1,0,0
355,hD77eYBzX0yQfpAUMY8dEw,4.0,0,0,0,0,1,2,0,1,0,2,1,0,0,0,1,0,0,1,0,0,0,2,0,0,2,0,4,3,0,0,1,0,0,0,0,0,0,0,0,0,0,0,0,1,0,0,0,0,0,0,0,0,0,0,0,0,0,0,2,1,1,0,1,0,2
356,hDRjIbbseWN7ZSVZy2t2fA,4.0,1,1,1,7,1,1,1,1,0,4,3,0,2,0,3,0,0,7,2,0,2,6,0,1,2,1,20,12,1,0,0,0,1,1,1,0,1,9,4,1,0,0,1,0,0,0,0,1,1,1,0,0,0,3,3,0,1,1,6,1,18,0,2,1,1
357,hDspN9Uf6wE0jAhKMI1-xQ,4.5,0,0,0,0,0,0,0,0,0,0,0,0,0,0,0,0,0,0,0,0,0,0,0,0,2,0,0,0,0,0,0,0,0,0,0,0,0,1,0,0,0,0,0,0,0,0,0,0,0,0,0,0,0,0,0,1,0,0,0,0,0,0,0,0,0
358,hFkY-4JhWPc2LDRj2eyBSA,3.0,0,0,0,0,0,0,0,0,0,0,0,0,0,0,0,0,0,0,0,0,0,0,0,0,0,0,0,0,0,0,0,0,0,0,0,0,0,0,0,0,0,0,0,0,0,0,0,0,0,0,0,0,0,0,0,0,0,0,0,0,0,0,0,0,0
359,hG-DApl-ua15fbIqav7-IA,5.0,0,0,0,0,0,5,0,0,0,1,0,0,0,0,0,0,0,4,0,0,0,0,0,1,0,0,4,4,0,0,0,0,0,0,0,0,0,0,0,0,0,0,0,0,0,0,0,0,0,0,0,0,0,0,0,0,1,0,0,2,0,0,2,0,0
360,hMH0K8ASyvUcK1dhvIRC-A,4.5,0,0,0,1,0,4,0,0,0,1,0,0,0,0,0,0,0,0,0,0,1,0,0,0,0,0,4,11,0,0,1,0,1,0,0,0,0,2,1,0,0,0,0,0,0,0,0,0,0,0,0,0,0,1,0,0,0,0,1,0,0,0,2,0,0
361,hMKGFZMmho5frQThLUJDLQ,4.5,0,0,0,0,0,0,0,1,0,3,1,0,0,0,0,0,0,1,0,0,0,2,0,2,0,0,3,7,0,0,0,1,0,5,1,0,0,1,1,0,0,1,0,1,0,0,0,0,0,1,0,0,0,0,0,0,0,0,1,0,4,0,2,0,0
362,hOoM1--DNrkTzWJXJxQfEg,5.0,0,0,0,2,0,0,0,0,0,3,0,0,0,0,0,0,0,0,0,0,1,1,0,0,1,2,0,1,0,0,0,2,0,0,2,0,0,1,0,0,0,1,0,0,0,0,0,0,0,0,0,0,0,1,4,0,0,0,0,0,1,0,0,0,0
363,hZ14E6vezwusSZaF83WlxQ,4.0,0,1,2,1,0,1,0,0,0,0,1,0,1,0,1,0,0,3,0,1,0,2,0,0,0,0,6,4,0,0,0,0,0,0,0,0,0,0,6,0,1,0,0,0,0,0,2,0,0,0,0,1,0,0,0,0,0,1,2,0,0,0,0,0,0
364,hfawbr8I0EH6BYcpDcVHtw,5.0,0,0,1,0,0,0,0,0,0,0,0,1,1,0,0,0,0,0,0,0,1,0,0,0,2,0,1,3,0,0,0,0,0,0,0,0,0,0,4,0,0,0,0,0,0,0,0,0,1,0,0,0,0,1,0,0,0,0,0,0,0,0,0,0,0
365,hizOy2ESSnxJWJdb3s_tFw,3.0,0,0,0,0,0,0,0,0,0,0,0,0,0,0,0,0,0,0,1,0,1,0,0,0,1,0,0,2,0,0,0,0,2,0,1,0,1,0,0,0,0,0,0,0,0,0,0,0,0,0,0,0,0,1,0,0,0,0,0,1,0,0,0,0,0
366,hnWO0q9Mob9NNPXGeYyi5A,3.0,0,0,0,1,0,1,0,0,0,0,3,0,0,0,0,0,0,0,2,0,0,0,1,0,1,0,2,0,0,0,1,0,0,0,0,0,0,0,0,0,0,0,0,0,0,0,0,0,0,0,0,0,0,2,0,1,0,1,0,1,0,0,0,1,1
367,hqAmmu4_vMGFSZwGauMAUg,5.0,0,0,0,0,0,0,0,0,0,4,0,0,0,0,0,0,0,3,0,0,0,0,0,0,0,0,1,6,0,0,1,0,0,0,0,0,0,0,1,0,0,0,0,0,0,0,0,0,0,0,0,0,0,0,2,0,0,0,0,1,1,0,0,0,0
368,hzyvL2v97xLzLbLXcdi1uw,4.0,5,1,0,27,6,9,4,3,3,10,10,2,1,2,1,5,0,35,8,5,8,21,5,1,11,0,76,81,5,1,12,0,6,1,4,4,19,12,31,3,3,3,0,21,0,1,5,4,6,17,7,4,5,27,1,2,7,2,21,9,9,2,8,15,0
369,i3aIqwqXejQVMKBHKeMUig,4.5,0,1,0,2,0,0,0,1,0,2,0,0,1,0,0,0,0,3,0,0,0,0,1,0,0,0,3,6,0,0,0,1,0,0,0,0,0,0,2,0,0,0,0,3,0,0,0,0,0,2,0,0,0,0,11,2,0,0,0,0,0,0,0,0,0
370,i6x-Wf2uvx4YydJpPmaXmg,3.5,0,0,1,2,0,3,1,0,0,9,4,1,0,0,0,0,0,5,3,2,0,1,0,1,1,0,13,8,1,2,0,0,0,1,1,2,1,3,4,2,0,0,0,0,0,0,1,1,0,0,0,0,0,9,0,1,0,0,10,2,5,0,2,2,0
371,i7TFQpKD-xBFkJTea9LASQ,4.5,0,0,0,4,0,0,0,1,2,11,2,0,0,1,2,0,0,6,0,0,0,4,0,1,1,0,14,5,1,1,1,0,2,0,0,1,1,1,1,0,0,0,0,5,0,0,1,0,2,1,2,0,0,4,0,1,0,1,1,1,3,0,3,1,0
372,iDty9l-Hsdb2ntXVF7PSfw,4.0,0,0,0,0,0,1,0,0,0,2,0,0,0,0,2,0,0,0,0,0,0,1,0,0,4,0,1,3,0,1,2,0,0,0,0,0,0,0,3,0,0,0,0,1,0,2,0,0,0,1,0,0,0,2,0,1,0,0,0,2,0,0,0,0,0
373,iGpQdPxvOI7eWeSTYMnNeA,4.0,0,0,0,0,0,0,0,0,0,0,0,0,1,0,0,0,0,3,0,0,0,0,0,0,3,0,2,11,3,0,5,1,1,0,1,0,0,0,3,0,0,0,0,0,0,0,1,0,1,1,2,0,0,4,0,1,1,1,1,0,0,0,1,1,0
374,iJd7vK83D5pQP6dFVypl9g,3.0,0,0,0,0,0,0,0,0,0,0,0,0,1,0,0,0,0,0,1,0,0,1,0,0,0,0,7,0,4,0,0,0,0,0,0,0,0,0,2,0,0,0,0,0,0,0,0,0,0,0,3,0,0,0,0,0,0,0,0,0,0,0,1,0,0
375,ihsaBetrKcBSAO4pqqL4vA,4.5,0,0,0,0,0,0,0,0,1,1,0,0,0,0,0,0,0,0,0,0,0,0,0,0,2,0,0,1,0,0,0,0,0,0,0,0,0,0,0,0,0,0,0,0,0,0,0,0,0,0,0,0,0,0,0,0,0,0,2,0,0,3,0,0,0
376,inoMbL0EtSoZ_mfNR9SQYg,5.0,0,0,0,2,0,0,0,0,0,0,2,0,0,0,0,0,0,2,0,0,2,0,0,0,0,0,3,4,0,0,0,1,0,0,0,0,0,0,0,0,0,0,0,0,0,0,0,1,0,0,0,0,0,0,2,0,0,0,1,0,1,0,0,0,0
377,iv_oAa5fd2BBWc02qcMDvg,4.0,0,2,0,0,0,0,0,0,0,1,0,0,0,0,0,0,0,0,0,0,0,0,0,0,1,0,2,15,0,0,0,0,0,1,0,0,0,0,0,0,0,0,0,0,0,0,1,0,0,0,1,0,1,2,0,0,0,0,0,0,1,0,2,0,0
378,j3IBjxYKwh__BhA25KDeZw,4.5,0,0,0,5,0,0,0,0,1,8,1,1,0,0,0,0,0,8,0,0,1,1,0,0,4,0,5,2,0,0,1,0,0,1,0,0,2,1,2,0,0,1,0,0,0,0,0,0,1,3,0,0,0,3,0,0,0,1,5,2,3,1,4,2,1
379,j9mBYdR7z61X6A3K3VmKDg,3.5,1,0,0,0,0,0,0,0,0,0,0,0,0,0,0,0,0,0,0,0,0,1,0,0,0,0,0,0,0,0,0,0,0,0,0,0,0,0,0,0,0,0,0,0,0,0,0,0,0,0,0,0,0,0,0,0,0,0,0,0,0,0,0,0,0
380,jFUD1nx7eet2h5jGEe1DBQ,4.0,0,0,0,0,0,0,0,0,0,0,0,0,0,0,0,0,0,0,0,0,0,1,0,0,2,0,1,2,0,0,1,0,0,0,0,0,0,1,2,0,0,0,0,0,0,2,0,0,0,0,0,0,0,0,0,1,0,0,0,0,0,0,0,0,0
381,jIQWEioUihbEiAiNu-Rwwg,4.5,0,0,0,0,0,0,0,0,1,0,0,0,0,0,0,0,0,0,0,0,0,0,0,0,0,0,2,2,0,0,0,1,0,0,0,0,0,0,2,0,0,0,0,0,0,0,0,0,0,0,0,0,0,0,0,1,0,0,0,0,0,0,0,0,0
382,jP4aIHwJwpkKy-V3nG8f6w,4.5,0,0,0,0,0,1,0,0,0,3,0,1,0,0,0,0,0,0,0,0,0,0,0,0,1,0,4,0,0,0,0,0,0,0,0,0,0,0,0,1,0,0,0,1,0,0,0,0,0,0,1,0,0,1,0,0,0,0,1,0,0,0,2,0,0
383,jPWGcicuwRxciN5WGhz_wQ,4.5,0,0,1,3,2,0,0,1,0,15,6,0,1,0,0,1,1,10,0,0,3,5,0,1,0,0,16,22,2,0,0,0,1,0,0,0,0,2,2,0,0,0,1,4,0,0,0,0,1,2,0,0,0,0,0,3,0,0,0,1,0,0,2,1,0
384,jeOll8b1paa_9JDyOi-kXw,4.0,0,0,0,0,0,2,0,1,1,2,0,0,2,0,2,0,0,1,0,0,0,3,1,3,0,0,7,6,3,0,0,0,0,1,0,0,0,3,2,0,0,0,0,2,0,0,0,1,0,0,4,0,0,1,0,0,0,0,0,1,0,0,4,0,0
385,jemRU9DvmS0WGZuZ-k3jCQ,3.5,0,0,0,0,0,0,0,0,0,0,0,0,1,0,0,0,0,0,0,0,1,0,0,0,0,0,0,2,0,0,0,0,0,0,0,0,0,0,0,0,0,0,0,0,0,0,0,0,0,0,0,0,0,1,0,0,0,0,0,0,0,0,0,0,0
386,k5Z-2IP0qjs5_eyLJhD03Q,4.5,0,0,0,2,0,3,0,0,0,3,0,0,5,0,0,0,0,6,1,0,0,2,0,2,3,0,6,3,0,0,3,0,2,0,0,0,2,2,0,0,1,0,0,2,0,0,0,0,3,1,1,0,0,0,0,1,0,0,0,2,5,0,0,0,0
387,kKFUNcLklJ54zZNUk-7yjQ,3.0,1,1,0,0,3,2,8,1,0,4,6,1,4,0,0,1,0,4,3,0,3,2,1,0,2,0,26,16,3,1,1,3,2,4,0,0,0,0,5,12,1,2,0,3,0,1,3,2,0,0,0,0,2,0,0,4,1,4,0,2,2,2,2,0,2
388,kQHSniV-vsbujvKz8rTZdg,5.0,0,0,0,1,1,0,0,0,0,0,0,0,0,0,0,0,0,3,0,0,0,1,0,1,2,0,3,0,0,0,3,0,0,1,0,0,0,0,0,0,0,0,0,0,0,0,0,0,0,0,0,0,0,3,0,0,0,0,2,1,0,0,2,2,0
389,kcuz8QtDYfyFwVt1sWCHyw,4.0,0,0,0,0,0,0,0,0,0,0,0,0,0,0,0,0,0,1,0,0,0,0,0,0,0,0,2,0,0,0,0,1,0,1,0,0,0,1,1,0,0,0,0,0,0,0,0,0,0,0,0,0,0,0,0,0,0,0,0,1,0,0,0,0,0
390,ks2q-AWMx_xD0FpVIBXRzQ,4.0,0,0,0,4,0,0,0,0,0,0,0,0,0,0,0,0,0,0,0,0,0,2,1,0,0,0,1,3,0,0,0,0,0,0,0,0,0,3,3,0,0,0,0,0,0,0,0,0,0,2,0,0,0,0,0,0,0,0,0,0,1,0,0,0,0
391,kvim5yrDt-yTITij0OV7lg,4.5,0,0,0,0,0,0,0,0,0,1,0,0,0,0,0,0,0,0,0,0,0,0,0,0,0,0,0,0,0,0,0,0,0,0,0,0,0,0,0,0,0,0,0,0,0,0,0,0,0,0,0,0,0,0,0,0,0,0,0,0,0,0,0,0,0
392,lDp4MbyQEj4-5kSM-4zRFA,3.5,0,1,1,4,0,0,0,0,2,11,1,0,0,1,0,0,0,12,3,0,0,7,0,2,3,0,19,2,0,1,2,0,1,0,0,0,0,3,2,5,2,0,0,4,0,3,0,0,2,6,0,1,0,4,0,1,0,3,4,1,4,0,1,2,0
393,lK7gnWVs81PI1XxeJ7DEPA,4.5,0,0,0,0,0,2,0,0,0,0,0,1,0,0,1,0,0,2,0,0,0,0,0,0,1,0,3,1,0,0,1,0,1,0,0,0,2,0,1,0,0,0,0,0,0,0,0,0,0,1,0,0,0,1,0,0,0,0,0,0,0,1,0,0,0
394,lRB4EvPM0L88f4meH9KcYQ,4.0,1,0,0,1,0,3,1,1,0,1,0,3,0,2,0,0,0,5,0,0,0,1,0,0,0,7,17,14,0,0,1,1,2,0,1,2,1,2,4,0,0,1,1,1,0,0,0,1,2,4,0,1,0,1,1,2,0,0,2,8,1,1,0,2,1
395,lUOyWmt9vJjHvpD-ORRewA,4.0,1,0,0,1,0,1,1,0,0,1,0,0,0,0,0,0,0,1,0,0,0,2,0,0,2,1,1,6,0,0,0,0,0,0,0,0,0,1,0,0,0,0,0,1,0,0,0,0,0,0,1,0,0,0,0,0,0,0,0,0,0,0,2,0,1
396,lYSV7xI8lhO76kZs-z2MOw,3.5,1,0,0,0,0,1,0,0,0,0,2,0,0,0,0,0,0,2,0,0,0,0,0,0,0,3,7,2,0,0,0,0,0,0,1,0,1,1,0,0,1,0,0,0,0,1,0,0,1,0,0,4,0,0,0,0,0,0,0,0,0,0,2,1,1
397,ldGnkfXjRNAxRP9cizgr0Q,4.0,0,0,0,1,2,2,0,0,1,1,0,0,0,0,0,0,0,6,2,0,0,0,0,0,3,0,4,0,0,0,0,0,0,0,0,0,1,0,3,0,0,0,0,2,0,0,1,1,1,2,0,0,0,1,0,0,0,1,1,0,2,0,2,0,1
398,lgYmim0fSvfnREyPffiNsQ,2.0,0,0,0,0,0,0,0,0,0,0,0,0,0,0,0,0,0,0,0,0,0,0,0,0,0,0,0,0,0,0,0,0,0,0,0,0,0,0,0,0,0,0,0,0,0,0,0,0,0,0,0,0,0,0,0,0,0,0,0,0,0,0,0,0,0
399,lnd23oqCb7v8lt9zd4K8sg,4.5,0,0,0,7,2,2,0,0,0,3,3,0,0,0,7,0,0,3,0,0,1,0,0,0,1,0,24,26,1,0,3,0,0,0,0,0,1,3,8,0,0,0,2,1,0,0,2,1,0,3,0,2,0,0,4,1,0,0,1,2,6,0,3,2,0
400,lrWEpfID45MvNTw1z5bCJA,3.0,0,0,0,0,0,0,0,0,0,0,0,0,0,0,0,0,0,1,0,0,0,1,0,0,0,0,0,0,0,0,0,0,0,1,0,0,0,0,0,0,0,0,0,0,0,0,0,0,0,0,1,1,0,0,6,0,0,0,0,0,0,0,1,1,0
401,lv4erkIq2VCIOGC46T8TsQ,3.5,0,0,0,0,0,3,0,0,0,1,0,0,0,0,1,0,0,1,0,0,0,0,1,0,0,1,3,2,0,0,0,0,0,0,0,0,0,0,0,1,0,1,0,0,0,0,2,2,0,0,0,0,0,7,15,2,0,0,2,2,0,0,0,3,0
402,m4-N0JjR_Rc2vhMpsDQgsg,5.0,0,0,0,0,0,1,0,0,0,0,0,0,0,0,0,0,0,1,0,0,0,0,0,0,0,0,1,5,0,0,0,0,0,0,0,0,0,0,0,0,0,0,0,0,0,0,0,0,1,0,0,0,0,0,2,0,0,1,0,0,0,0,2,0,0
403,m59upQj5qUn-termmtxTYQ,4.5,0,0,0,6,0,2,0,0,1,3,0,1,0,0,2,0,0,4,0,1,0,4,1,0,4,0,6,10,0,0,2,0,1,4,1,0,1,2,1,0,4,0,0,7,0,1,0,2,0,0,0,1,0,2,3,0,1,0,8,4,3,0,1,1,0
404,mBycrsguRPhI0xtFBzsz_w,4.5,0,0,2,1,0,3,0,0,0,7,2,0,0,0,0,0,0,2,0,0,0,2,0,0,1,0,14,10,0,0,0,0,0,0,0,0,3,0,7,4,0,0,1,2,0,0,0,0,0,2,0,0,0,0,0,0,0,0,0,1,0,0,2,0,0
405,mDmvPyRrqS1VAzYULxG3Bw,4.5,0,0,0,2,1,1,3,1,0,0,0,0,0,0,0,0,0,1,0,0,0,0,0,1,6,0,3,2,1,0,0,0,0,0,0,0,0,0,2,0,0,0,0,0,0,0,0,0,0,2,1,0,0,0,0,1,0,0,0,0,0,0,2,1,0
406,mNMVqHsgJq6YErFPfaUlig,3.0,0,1,0,0,0,0,0,0,0,1,0,0,0,0,0,0,0,1,0,0,0,2,0,0,2,0,9,3,0,0,0,0,0,0,0,0,0,0,1,2,0,0,0,0,0,0,0,0,0,0,0,0,0,0,0,0,0,0,0,0,0,0,0,0,0
407,mSVHcnKKX4CVoLtbp_PuZA,4.0,0,0,0,1,0,0,0,0,0,0,0,0,0,0,0,0,0,0,0,0,0,0,0,0,0,0,1,2,0,0,0,0,0,0,0,0,0,0,0,0,0,0,0,0,0,0,0,0,0,0,0,0,0,0,0,0,0,0,0,0,0,0,0,0,0
408,mXNth6j_Y8Sy7F214P1Wtg,4.5,0,0,0,2,1,0,0,0,0,5,1,0,2,0,0,0,0,2,0,0,1,1,0,2,5,0,18,15,0,0,1,1,0,0,0,0,0,0,3,0,0,0,0,2,0,0,0,1,0,1,0,0,0,0,0,0,0,4,3,1,0,1,2,0,0
409,mYxBkLITB0xhGH2LutxlRg,4.0,0,0,0,5,2,0,0,0,0,1,2,0,0,0,0,0,0,3,0,0,0,1,0,0,0,0,10,5,0,0,0,0,2,0,0,1,3,0,3,0,0,0,0,1,0,0,0,2,2,0,0,0,1,3,8,0,0,0,0,0,1,0,1,2,0
410,mdKSq2mfp1M8tfbjmbyv4Q,4.0,0,0,0,1,2,0,0,0,0,0,0,0,0,0,0,0,1,2,0,0,0,2,2,0,4,0,1,2,0,0,0,0,0,0,0,0,0,0,1,3,1,0,0,0,0,0,0,0,0,0,0,0,0,1,0,0,0,0,0,0,0,0,0,0,0
411,mjLu2vhkeKKnchtqkylCbQ,3.5,0,0,0,0,1,0,0,0,0,0,0,0,0,0,0,0,0,0,0,0,0,0,0,0,0,0,0,1,0,0,0,0,0,0,0,0,0,0,1,0,0,0,0,0,0,0,0,0,2,0,0,0,0,0,1,0,0,0,0,0,0,0,0,0,0
412,mnI_n7A8sxgOSmtgI3wzQQ,4.5,0,1,0,25,0,1,1,0,3,6,1,0,2,1,2,0,0,21,0,0,4,8,0,7,14,0,24,22,3,0,0,0,12,2,0,0,1,3,10,0,0,0,2,1,0,1,0,1,0,3,2,0,2,4,0,0,0,1,1,6,6,2,5,1,0
413,mpVeUxAW5zY3rrbdNFeDgg,4.0,0,0,0,0,0,0,0,0,0,0,0,0,0,0,0,0,0,0,0,0,0,0,0,0,0,0,1,0,0,0,0,0,0,0,0,0,0,0,0,0,0,0,0,0,0,0,0,0,0,0,0,0,0,0,0,0,0,0,0,1,0,0,0,0,0
414,mreICeDmiqhIwrAJ_bsABw,4.5,0,0,0,1,0,0,0,0,0,0,0,0,3,0,0,0,0,2,0,0,0,3,0,0,2,0,4,2,0,1,0,0,0,0,1,0,0,1,1,0,0,0,0,1,0,0,0,1,0,0,0,0,0,0,0,0,0,0,0,0,5,0,0,0,0
415,nAdghiInFhvkq9dycI0Psw,3.0,0,0,0,0,0,0,0,0,0,0,0,0,0,0,0,0,0,0,0,0,0,0,0,0,1,0,0,0,0,0,0,0,0,0,0,0,0,0,0,0,0,0,0,0,0,0,0,0,0,0,0,0,0,0,0,0,0,0,0,0,0,0,0,0,0
416,nbsjdiUunohQX1JAxsqpMw,4.5,0,0,0,2,0,1,0,1,0,1,0,0,0,0,0,0,0,5,1,0,2,3,0,1,3,0,2,4,1,0,0,2,0,2,1,0,0,0,1,0,0,0,0,1,0,0,0,0,1,0,1,0,0,4,0,0,0,1,0,0,0,0,5,0,0
417,nc5uuDeM3EA9WJycGDeg1w,4.0,0,0,0,3,0,3,0,1,2,0,0,2,0,1,0,0,0,3,0,0,0,2,0,2,9,1,9,19,1,0,1,1,2,0,0,1,0,2,0,1,0,0,0,0,0,0,0,1,0,1,0,0,0,3,0,1,2,2,0,0,0,0,3,2,0
418,nn4DZsrwjtp2mFlpYbP-dg,4.0,0,0,0,0,0,0,0,0,0,0,0,0,0,0,0,0,0,0,0,0,0,0,0,0,1,0,2,0,0,0,0,0,0,0,0,0,0,1,0,0,0,0,0,0,0,0,0,0,0,0,0,0,0,0,0,0,0,0,0,0,2,0,0,0,0
419,nuMmehPFS5kI1_C9bBlK5A,4.0,2,1,0,7,1,7,4,0,0,6,0,3,2,1,2,2,0,16,0,0,0,5,1,7,5,2,26,33,0,0,5,2,2,0,1,2,0,1,18,0,1,1,0,4,0,0,1,1,1,1,2,0,0,0,0,0,0,0,2,3,0,1,9,1,0
420,nuiR_GOTnqLEYefq3HCfQA,4.5,0,0,0,1,0,1,0,0,0,3,0,0,3,1,1,0,0,0,0,0,2,0,0,0,11,0,8,8,0,0,0,0,0,1,0,0,0,2,2,0,0,1,2,0,0,0,0,1,0,0,0,0,0,3,0,0,0,0,1,1,0,0,5,2,0
421,o-0MUbfZAMCc-0h3zzau8A,4.5,0,0,1,2,0,1,0,1,0,2,0,0,0,0,0,0,0,4,0,0,0,5,0,0,1,0,5,2,0,0,2,0,1,0,0,0,0,0,2,0,0,0,0,0,0,1,0,0,0,1,0,0,0,0,0,2,0,0,0,0,0,0,0,4,0
422,o0--5nrZKIT5jEEnhV2Mlw,4.5,0,0,0,0,0,0,0,0,0,2,0,0,0,0,0,0,0,0,0,0,0,0,0,0,1,1,1,0,0,0,0,0,0,1,0,0,1,0,0,0,0,0,0,0,0,0,0,1,0,0,0,0,0,3,0,0,0,0,0,0,0,0,1,0,0
423,o9eVtV66qMtY0VmWyY2N9Q,4.0,0,1,1,4,1,4,1,0,0,16,1,1,0,1,0,0,0,4,1,0,3,2,1,1,3,0,13,10,1,0,2,1,2,1,1,0,2,1,3,1,1,1,1,1,0,2,0,2,0,5,0,0,0,2,0,1,0,1,3,1,5,0,2,0,0
424,oLSulsv7zuFuBL92wFssJg,4.0,0,0,1,5,1,2,1,0,0,4,4,0,3,4,3,1,0,6,3,0,1,2,5,0,8,4,9,16,3,1,2,2,6,0,0,3,6,2,8,2,1,0,0,2,0,1,0,0,5,1,1,0,3,7,0,1,2,1,1,3,0,2,2,3,1
425,oNObm_C5cPaIerKUKBZ_KA,4.0,0,0,0,0,0,0,0,0,0,1,1,0,0,0,0,0,0,1,0,0,0,1,0,0,1,0,0,0,0,0,0,0,0,0,0,0,0,0,0,0,0,1,0,0,0,0,0,0,0,0,0,0,0,0,0,0,0,0,0,0,0,0,0,0,0
426,oP0GoJcjFmxNAmf2y6VilQ,4.5,1,0,0,1,0,1,0,0,0,1,0,0,0,0,0,0,0,2,0,0,0,0,0,0,3,0,0,1,0,0,0,0,0,0,0,0,0,0,0,0,0,0,0,0,0,0,0,0,0,0,0,0,0,0,0,0,0,0,0,1,0,0,0,0,0
427,oS96aJIHFWcFAlGHKKXjaw,4.5,6,1,1,63,0,6,2,7,9,47,11,6,3,1,2,1,0,65,4,3,12,26,3,1,35,4,80,63,6,2,20,5,3,5,2,4,3,9,17,0,1,1,0,28,0,3,1,1,11,24,2,4,0,15,4,5,0,7,19,11,14,5,28,18,2
428,oUu1DlkYd2ULa6a-i2e3qg,4.0,2,0,1,3,1,0,1,0,0,2,3,1,0,0,0,0,0,1,1,0,0,1,0,8,0,0,11,2,2,0,1,0,0,3,0,0,0,0,5,0,2,0,0,0,0,0,0,2,0,0,2,0,0,2,0,0,0,1,3,0,0,0,3,2,0
429,ogGlctEavEWSVxFQ0ju3Gg,4.0,0,0,0,1,0,0,0,0,0,0,0,0,1,0,0,0,0,1,0,0,0,2,0,0,0,0,2,1,0,0,2,0,0,0,0,0,0,5,0,0,0,0,0,1,0,0,0,0,1,0,0,0,0,0,1,0,0,0,0,0,5,0,1,0,0
430,ohHDnTYRjHfp8yCjqT88UQ,4.5,0,0,0,0,0,0,0,0,0,0,0,0,0,0,0,0,0,0,0,0,0,0,0,0,0,0,2,3,0,0,0,0,0,1,0,0,0,0,0,0,0,0,0,0,0,0,0,0,0,0,0,0,0,0,0,0,0,1,0,0,0,0,0,0,0
431,omWaVK0lzIcA4lk_rBebbw,2.5,0,0,0,0,0,0,0,0,0,0,0,0,1,0,0,0,0,0,0,0,0,0,0,0,0,0,2,0,0,0,2,0,0,0,0,2,0,0,1,0,0,0,2,0,0,0,0,0,0,0,0,0,0,3,0,0,0,0,0,0,1,0,0,1,0
432,p5zpELzwGH_iRYSi5rRHGw,3.5,0,0,0,1,0,0,0,0,0,1,2,0,0,0,0,0,0,4,0,0,0,0,0,1,0,0,5,2,1,0,0,0,1,0,0,1,1,1,3,1,0,0,0,0,0,0,0,0,0,0,0,0,0,2,2,0,0,0,1,2,0,0,1,0,0
433,pFmuMpPANaAFQ1PGVv1FeQ,3.0,0,0,0,0,0,0,0,0,0,0,2,0,0,0,0,0,0,1,0,0,1,0,0,0,0,0,0,0,0,0,0,0,0,0,0,0,0,0,0,0,2,0,0,0,0,0,0,0,0,0,0,0,2,0,0,0,0,0,0,1,0,0,1,0,0
434,pYluNd5iBteUGUEbd4i_iQ,4.5,0,0,0,0,0,0,0,0,0,0,0,0,0,0,0,0,0,0,0,0,0,0,0,0,0,0,1,1,2,0,0,0,0,0,0,0,0,0,0,0,0,0,0,0,0,0,0,0,0,0,0,0,0,0,0,0,0,0,0,0,0,0,0,0,0
435,phxyADEdO9qOZmlotyXn-A,2.5,0,0,0,0,0,0,0,0,0,0,0,0,0,0,1,0,0,0,1,0,0,0,0,0,0,0,1,3,0,0,0,0,0,0,0,0,0,0,0,0,0,0,0,0,0,0,0,0,0,0,0,0,0,0,0,0,0,0,2,0,0,0,0,1,0
436,pv__91LMXAbNX50NgeO55g,4.5,0,1,0,10,2,0,0,0,3,4,2,0,1,0,0,0,0,6,0,1,1,11,0,4,6,0,24,9,2,0,4,0,4,0,0,0,0,1,10,2,0,0,0,11,0,1,2,1,1,5,0,0,0,5,10,1,0,0,14,1,4,0,7,3,0
437,pvcavm_yprIRBAT24JiTRQ,3.5,0,0,0,0,0,0,0,0,0,0,0,0,0,0,0,0,0,0,0,0,0,0,0,0,0,0,0,0,0,0,0,0,0,0,0,0,0,0,0,0,0,0,0,0,0,0,0,0,0,0,0,0,0,0,0,0,0,0,0,0,0,0,0,0,0
438,q-yIhKfMBvot7uvQPYQ1ng,3.0,0,0,0,0,0,0,0,0,0,0,0,0,0,0,0,0,0,0,0,0,0,0,0,0,0,0,1,2,0,0,1,0,0,0,0,0,0,1,0,0,0,0,0,0,0,0,0,0,0,0,0,0,0,0,0,0,0,0,0,0,0,0,0,0,0
439,qAVoausNrMEByp2cFt8EaA,4.0,0,0,0,0,0,0,0,0,0,0,0,0,0,0,0,0,0,0,0,0,0,1,0,0,0,0,0,0,0,0,0,0,0,0,0,0,0,0,1,0,0,0,0,2,0,0,0,0,0,0,1,0,0,0,0,0,0,0,0,0,1,1,0,0,0
440,qJ-V22xGzV6IKNWA8c_Nnw,4.5,0,0,0,0,0,0,0,0,0,0,0,0,0,0,0,0,0,0,0,0,0,0,0,0,1,0,3,1,0,0,0,0,0,0,0,1,0,0,0,0,0,0,0,0,0,0,0,0,0,0,0,0,0,0,0,0,0,0,0,0,0,0,0,0,0
441,qUF0sJYIC-T4hmzua3lc4Q,5.0,0,0,0,0,0,0,0,0,0,0,0,0,0,0,0,0,0,0,0,0,0,0,0,0,0,0,0,0,0,0,0,0,0,0,0,0,0,0,0,0,0,0,0,0,0,0,0,0,0,0,0,0,0,0,0,0,0,0,0,0,0,0,0,0,0
442,qZDGwymsFYJDsqcriF4rvw,4.0,0,0,0,0,0,0,0,0,0,0,0,0,0,0,0,0,0,0,0,0,0,0,0,0,2,0,2,2,0,0,0,0,0,0,0,0,0,0,0,0,0,0,0,0,0,0,1,0,0,0,0,0,0,0,0,0,0,0,0,0,0,0,0,0,0
443,qa6aqyXmFsOMLt___P6wLQ,3.0,0,0,0,0,0,1,2,0,0,0,0,0,1,0,0,0,0,0,0,0,0,0,0,1,0,0,1,2,0,0,0,0,0,0,0,0,0,0,1,2,0,0,0,0,0,0,0,0,0,0,0,0,0,1,0,0,0,0,0,0,0,0,0,0,0
444,r4SmPdkqIazIGPHXdPOG4Q,3.5,0,0,0,0,0,0,0,0,0,0,0,0,0,0,0,0,0,0,0,0,0,0,0,0,0,0,1,1,0,0,0,0,0,0,0,0,0,1,1,1,0,0,2,0,0,0,0,0,0,0,0,0,0,0,0,0,0,0,0,1,2,0,0,0,0
445,r6V0rVP_N2afc_BQNzfClA,5.0,0,0,0,0,0,0,0,0,0,0,1,0,0,0,0,0,0,0,0,0,0,0,0,0,0,0,0,0,0,0,0,0,0,0,0,0,0,0,0,0,0,0,0,0,0,0,0,0,0,0,0,0,0,0,0,0,0,0,0,0,0,0,0,0,0
446,rLNIlmJ71srkLoMFfGMvyQ,4.5,0,0,0,13,0,1,0,0,0,9,0,1,0,0,0,0,0,15,0,0,5,6,1,0,3,0,10,13,1,0,0,0,0,2,0,2,1,5,4,0,0,0,0,3,0,0,1,0,0,1,0,1,0,1,0,0,0,4,2,0,2,1,6,1,0
447,rjntiFQT7sxfYNIhgY46rg,4.0,1,0,0,1,0,0,0,0,0,1,0,0,1,0,0,0,0,2,0,0,1,0,0,0,1,1,1,2,0,0,0,0,1,0,0,0,0,1,1,0,0,0,1,0,0,0,0,0,0,0,0,0,0,0,0,0,0,0,0,0,3,0,0,0,0
448,rqLksDzegxNXMWwZk3eZnQ,4.0,1,3,0,9,2,9,0,0,0,30,2,3,6,3,3,4,0,28,3,0,2,9,5,0,11,0,48,22,3,0,2,0,5,1,2,1,7,3,9,3,2,1,0,5,0,2,3,2,5,6,4,0,1,11,2,0,5,0,1,6,2,0,3,5,2
449,rv8g9vf8z-J1aXhRlzjTnw,5.0,0,0,0,0,0,0,0,0,0,1,0,0,0,0,0,0,0,2,0,0,0,2,0,0,0,0,1,6,0,0,0,0,1,0,0,0,0,0,1,0,0,2,0,0,0,1,0,0,0,0,0,0,0,0,8,1,0,0,0,0,0,1,0,0,0
450,rxpiO3CB5323XsBVzMB7nw,4.5,0,0,0,1,0,1,0,0,0,4,2,0,0,0,0,0,1,0,0,0,0,0,0,0,1,2,8,10,0,0,1,0,1,0,0,1,2,0,3,0,0,0,1,0,0,0,0,0,0,3,0,1,0,3,0,0,0,0,0,1,0,0,1,0,0
451,rzByiKaj-bLeLz-zKNBQdg,2.5,0,0,0,0,0,0,0,0,0,0,0,0,1,0,1,0,0,0,0,0,0,0,0,0,2,0,1,0,0,0,0,0,0,1,1,0,3,0,2,0,0,0,0,0,0,1,0,0,0,0,0,0,1,1,1,0,0,0,0,0,0,0,0,0,1
452,s1rOAKJV-cXD6hQJBQep9w,5.0,0,0,0,0,0,0,0,0,0,0,0,0,0,0,0,0,0,1,0,0,1,0,0,0,0,0,0,0,0,0,0,0,0,0,0,0,0,0,0,0,0,0,0,0,0,0,0,0,0,0,0,1,0,0,0,0,0,0,0,0,0,0,0,0,0
453,sC5KVDDvSt2ZbMYVL3excQ,4.5,0,0,0,0,0,0,0,0,0,1,0,0,0,0,0,0,0,1,0,0,0,0,0,0,1,0,0,0,0,0,0,0,0,0,0,0,0,0,0,0,0,0,0,0,0,0,0,0,0,0,1,0,0,0,0,0,0,0,1,0,0,0,0,0,0
454,sWF353lIGUQVpvG_n-J2bw,5.0,0,0,0,0,0,0,0,0,0,0,0,0,0,0,0,0,0,0,0,0,0,0,0,0,0,0,0,3,0,0,0,0,0,0,0,0,0,0,2,0,0,0,0,0,0,0,0,0,0,0,0,0,0,0,0,0,0,0,0,0,0,0,0,0,0
455,slaDx1ywy45wF7GgEp6e8g,4.5,0,0,0,0,0,0,0,0,0,0,0,0,0,0,0,0,0,0,0,0,0,0,0,0,0,0,0,1,0,0,0,0,0,1,0,0,0,1,1,0,0,0,0,0,0,0,0,0,0,0,3,0,0,0,0,0,0,0,0,0,0,0,0,0,0
456,sm5Sl7z9Kx1yXExrdGuZ7g,1.5,1,1,0,0,0,0,0,0,0,0,0,0,1,0,0,0,0,0,0,0,0,0,0,0,0,0,4,0,0,0,0,0,0,0,0,0,0,0,1,2,0,0,0,0,0,0,0,0,0,0,0,0,0,0,0,0,0,0,0,0,0,0,0,0,0
457,t0MYpa7ZYUv7o5pBOqGfFw,4.5,0,0,1,3,0,1,0,1,0,4,0,1,1,0,2,0,0,5,0,1,0,3,1,2,0,0,9,11,0,0,0,0,2,0,0,1,0,1,6,0,0,0,0,1,0,1,2,0,2,0,0,0,1,7,0,0,0,1,1,0,0,1,6,4,0
458,t0jV5bO_6jydjEONI_xDDw,3.5,0,0,0,0,0,0,0,0,0,0,0,0,0,0,0,0,0,1,0,0,0,0,0,0,3,0,0,0,0,0,0,0,0,0,0,0,0,0,0,0,0,0,0,0,0,0,0,0,0,0,0,0,0,0,0,0,0,0,0,0,0,0,1,0,0
459,t5FvRHwOKTx5xzc8kVxxGA,4.5,0,0,0,0,0,2,0,0,0,0,0,0,0,0,0,0,0,0,0,0,1,0,0,0,0,0,1,4,0,0,0,0,0,0,0,0,0,0,2,0,0,0,0,0,0,0,1,0,1,0,0,0,0,0,0,0,0,0,0,1,0,0,0,0,0
460,tRDUpJ46BIe-lOmqa_phlQ,2.0,0,0,0,0,0,0,0,0,0,0,0,0,0,0,0,0,0,0,0,0,0,1,0,0,0,0,1,0,0,0,0,0,0,0,0,0,0,0,0,0,0,0,0,0,0,0,0,0,0,0,0,0,0,0,0,0,0,0,0,0,0,0,1,0,0
461,tcOP56tZe6hlmdUHX2EH5A,4.5,0,0,0,0,0,0,0,0,0,0,0,0,0,0,0,0,0,1,0,0,0,1,0,0,0,0,2,2,0,0,0,0,0,0,0,0,0,0,0,0,0,0,0,0,0,0,0,0,0,1,0,0,0,0,2,0,0,0,0,1,0,0,0,0,0
462,tgzwaYEVlDed3ofFb6P1IQ,4.5,0,0,0,4,0,0,0,0,0,0,0,0,0,0,0,0,0,6,1,1,0,3,0,1,0,1,3,1,0,0,4,0,1,1,0,0,0,1,1,0,0,0,0,3,0,0,0,0,0,1,0,0,0,2,0,1,0,1,1,0,0,1,1,1,0
463,ttKbmaIhQREGeT2esJnIMQ,4.5,0,0,0,0,0,0,0,0,0,0,0,0,1,0,0,0,0,0,0,0,0,0,0,0,0,0,0,1,0,0,0,0,0,0,0,0,0,1,0,0,0,0,0,0,0,0,1,0,0,0,0,0,0,0,0,0,0,0,0,0,0,0,1,0,0
464,txJkOk-oY900paWJQVGdVw,3.0,0,0,0,0,3,0,0,0,0,1,0,1,1,0,0,0,0,0,0,0,2,0,0,0,2,2,5,4,0,0,0,0,0,0,0,0,1,0,1,0,1,0,0,0,0,0,1,0,0,0,2,0,0,0,0,1,0,1,0,0,5,0,1,0,0
465,u8V4A2E_hXbZb6wPtm0AoQ,4.5,0,0,0,0,0,0,0,0,0,0,0,0,0,0,0,0,0,0,0,0,0,0,0,0,0,0,1,0,0,0,0,0,0,0,0,0,0,0,0,0,0,0,0,0,0,0,0,0,0,0,0,0,0,0,1,0,0,0,0,1,0,0,1,0,0
466,uFGmCUqJc0vy57IF_26u1g,4.0,0,0,0,0,0,0,0,0,0,0,0,0,0,0,0,0,0,0,0,0,0,0,0,0,0,0,0,0,0,0,0,0,0,0,0,0,0,0,0,0,0,0,0,0,0,0,0,0,0,0,0,0,0,0,0,0,0,0,0,0,0,0,0,0,0
467,uNBVnx12y-cRYSxukmTfnQ,4.0,0,0,0,0,0,4,1,0,0,1,0,0,0,0,0,0,0,0,1,0,0,0,0,0,1,0,2,2,0,0,1,0,0,0,0,0,0,2,1,0,0,0,0,0,0,0,0,0,0,3,0,0,0,0,0,0,0,0,0,1,0,0,0,2,0
468,uZBRmbonKzNnl0rwY7COrQ,3.0,0,0,2,0,0,0,0,0,0,0,2,0,2,0,1,0,0,0,1,0,0,0,0,0,5,4,6,4,0,0,0,0,1,0,0,0,2,5,2,0,1,0,0,1,0,0,0,0,2,2,2,1,0,1,2,3,0,1,0,3,6,0,1,2,0
469,ug0B8l5ZvO8PMykFHHw0qg,3.5,0,0,0,2,0,0,1,1,0,0,0,0,0,0,0,0,3,3,0,0,0,1,0,0,0,0,0,0,0,0,2,0,0,0,0,0,0,0,0,1,0,0,0,0,0,0,1,0,0,0,0,0,0,1,0,0,0,0,0,0,0,0,0,0,0
470,uj9hDVeJE0r8DPJZwFulyw,1.5,0,0,0,0,0,0,0,0,0,0,0,0,0,0,0,0,0,0,0,0,0,0,0,0,0,0,0,0,0,0,0,0,0,0,0,0,0,0,0,0,0,0,0,0,0,0,0,0,0,0,0,0,0,0,0,0,0,0,0,0,0,0,0,0,0
471,uujdZGu2hjCMj8AmZb4QEw,3.5,0,0,0,1,0,0,0,0,0,0,0,0,0,0,0,0,1,0,0,0,0,0,0,0,0,0,2,1,0,0,0,0,0,0,0,0,0,1,0,0,0,0,0,0,0,0,0,0,0,0,0,0,0,0,0,0,0,0,0,0,0,0,0,0,0
472,v-ojZBwp9wuS5pV2PnGaFg,3.0,0,0,0,0,0,0,0,0,0,0,1,0,0,0,0,0,0,0,1,0,0,0,0,0,0,0,0,2,0,0,0,0,0,0,0,0,0,0,0,0,0,0,1,0,0,0,0,0,0,0,0,0,0,0,2,0,0,0,0,0,1,1,0,0,0
473,v50-nvBCZNf7nCNbyUlQLw,4.0,0,1,0,9,0,1,3,0,0,6,1,2,0,3,0,1,0,10,1,0,2,5,0,0,3,2,16,15,0,0,1,0,2,0,1,0,4,0,3,0,2,2,0,2,0,0,1,0,4,0,1,4,1,8,0,1,0,1,5,3,0,0,4,10,2
474,v5g4Tl0Aurwr0IhQ-9GK5g,3.0,0,0,0,0,0,0,0,0,0,0,0,0,0,0,0,0,0,0,0,0,0,0,1,2,0,0,3,0,0,0,0,0,0,0,0,0,0,0,1,0,0,0,0,0,0,0,0,0,0,0,0,0,0,1,5,0,0,1,0,0,0,0,1,0,0
475,vB-nJqN61ZtJlL4RIXvI3g,3.0,0,0,0,0,0,0,0,0,0,1,0,0,1,0,0,0,0,0,0,0,0,0,0,0,0,0,4,3,0,0,0,0,0,0,0,0,1,0,0,0,0,0,0,0,0,0,0,0,0,0,0,0,0,0,0,0,0,0,0,1,1,0,2,0,0
476,vGQxPGvI4QLtupSAxO8c7Q,4.5,0,0,1,1,0,2,0,0,0,0,0,0,0,0,1,0,0,3,0,0,3,1,0,1,0,2,9,10,0,0,0,0,1,1,0,0,0,3,3,0,1,0,0,1,0,0,0,0,0,1,1,1,0,3,0,0,0,0,0,0,1,0,2,0,0
477,vHs8vZkPdY19TVQBlfxzoQ,4.0,0,0,0,0,1,0,0,0,0,0,0,1,0,0,0,0,0,0,0,0,0,0,0,0,0,0,2,2,0,0,0,0,0,0,0,0,0,0,0,0,0,0,0,0,0,0,0,0,0,0,0,0,0,0,0,0,0,0,0,0,0,0,1,0,0
478,vIHEp4EbzDs8CtA-Tf3Mkg,3.5,0,0,1,0,1,0,0,0,0,0,1,1,2,0,0,0,0,0,0,0,0,2,0,0,0,0,1,5,0,0,0,0,0,2,0,0,0,0,0,0,0,0,0,0,0,1,0,0,0,0,0,0,0,2,0,0,0,0,0,0,0,0,1,0,1
479,vexUcWPe7RiX_Efk2Sut0Q,3.0,0,0,0,0,0,0,0,1,0,1,0,0,0,0,0,0,0,2,2,0,0,0,1,0,0,0,2,3,0,0,0,0,0,0,0,0,0,0,0,0,1,1,0,0,0,0,0,0,0,0,0,0,0,0,0,0,0,0,0,0,0,0,0,0,0
480,vg-r3melXfuPnjMjDp3VOw,3.5,0,0,0,0,0,1,0,0,0,1,0,0,0,0,0,0,0,0,0,0,0,0,0,0,0,0,1,0,0,0,0,0,0,0,1,0,0,0,0,0,0,0,0,1,0,0,0,0,0,0,0,0,0,0,0,0,0,0,0,1,2,0,0,0,0
481,vmR1bRA2liNwwxsUKS1k3w,4.5,0,0,0,0,0,0,1,2,0,2,0,1,2,1,0,0,0,4,1,0,1,4,0,0,4,0,9,8,1,0,4,0,0,0,0,1,2,1,7,0,0,0,0,1,0,0,1,0,0,0,1,0,3,2,1,0,0,1,6,2,2,0,2,1,0
482,vpsc8vfnkaEd7-49_lz9Zg,4.0,0,0,0,4,0,0,0,0,0,1,1,0,0,0,0,0,0,1,1,0,0,1,0,0,1,0,5,0,0,0,0,0,0,0,0,0,0,0,0,0,1,0,0,1,0,0,0,0,0,0,0,0,0,0,0,0,0,2,0,0,4,0,1,0,0
483,vs5tgU7fn7V87awWwXQwhg,4.0,0,0,0,1,0,0,0,0,0,2,0,0,0,0,0,0,0,2,1,0,0,0,0,0,0,0,5,0,0,0,0,0,0,0,0,0,0,0,0,0,0,0,0,1,0,0,1,0,0,2,0,0,0,0,0,0,0,1,0,0,1,0,0,0,0
484,w-zxCi0z3CokbN-GOiiUog,5.0,0,0,0,0,0,0,0,0,0,0,0,0,0,0,0,0,0,0,0,0,0,0,0,0,0,0,0,0,0,0,0,0,0,0,0,0,0,0,0,0,0,0,0,0,0,0,0,0,0,0,0,0,0,0,0,0,0,0,0,0,0,0,0,0,0
485,w2tr0PA0b3tg8pId0kjM-A,4.0,0,3,2,19,1,5,1,3,10,11,4,1,10,0,1,0,0,19,1,0,3,30,3,1,6,3,25,22,4,0,14,0,2,4,2,2,1,6,8,1,2,0,0,9,0,1,1,0,0,4,1,1,0,5,1,4,0,2,9,3,3,4,14,8,0
486,wHlLjTBWPEbxHw6ZysSKIg,4.0,1,1,0,7,0,12,1,0,0,15,7,1,0,0,2,1,1,14,0,2,2,10,0,2,15,1,26,46,1,0,3,7,4,5,2,3,1,3,3,0,0,1,0,5,0,2,0,0,2,4,1,1,0,6,0,5,0,1,5,0,2,0,16,1,0
487,wNnPxpAOCBk2N1KTJ2PDCw,3.0,1,1,0,4,2,2,1,2,1,14,3,1,0,4,0,0,1,8,3,0,2,2,0,2,3,1,19,13,0,0,0,2,1,0,0,2,4,5,7,1,0,2,1,2,0,0,1,0,0,1,0,3,0,7,0,1,0,2,8,1,3,1,8,0,0
488,wcA-pfNAmxRJC9N2IcJX3w,4.5,1,0,0,1,0,0,0,0,0,1,2,1,0,0,0,0,0,3,0,0,3,0,0,3,6,0,5,9,1,0,0,0,2,0,0,0,0,0,0,0,0,0,0,1,0,0,0,1,4,0,0,0,0,0,0,0,0,0,0,0,0,0,2,0,0
489,wecdh-CrGtRD_sV7EvKpUQ,5.0,0,0,0,0,0,0,0,0,0,1,0,0,4,0,0,0,0,1,0,0,0,0,0,0,1,0,0,2,0,0,0,0,0,0,0,0,0,0,3,0,0,0,0,0,0,0,0,0,0,0,0,0,0,0,0,0,0,0,0,0,1,0,1,1,0
490,wht5FaGi7r86WKW7-VX2lQ,4.5,0,0,0,0,0,0,0,0,2,0,0,0,0,0,0,0,0,0,0,0,0,0,0,0,0,0,0,0,1,0,0,0,0,0,0,0,0,0,1,0,0,0,0,0,0,0,0,0,0,0,0,0,0,0,0,0,0,0,0,0,0,0,0,0,0
491,wtDLILBaj5BGEbYvWGfNUw,4.0,0,1,0,0,1,2,0,0,0,2,4,0,2,0,0,0,0,5,0,0,1,1,0,0,1,2,7,8,0,0,1,0,1,0,1,0,2,0,3,1,0,0,0,0,0,1,1,0,2,2,0,0,0,0,0,0,0,0,1,2,1,4,4,1,0
492,wujA3e3Q9LbvTtjkTAdzuw,4.5,0,0,0,1,0,0,0,0,0,0,0,0,0,0,0,0,0,0,0,0,0,0,1,0,0,0,1,0,0,0,0,0,0,0,0,0,0,0,0,0,0,1,0,1,0,0,0,1,0,0,0,0,0,0,0,0,0,0,0,0,0,0,0,0,0
493,x04vQxJuYs3p4RtxlagWQA,4.0,1,1,2,0,1,5,0,0,0,4,3,0,3,0,0,1,0,3,1,0,0,6,0,0,9,2,14,13,1,0,3,0,1,0,2,1,1,0,7,0,0,0,9,1,0,3,2,1,0,2,0,0,1,3,2,0,2,1,2,0,33,2,3,0,0
494,x5G0GUkGnlWtM49Qe4nHog,4.5,0,1,1,8,0,2,1,0,0,10,2,0,3,1,0,0,0,15,1,2,4,2,1,0,6,0,13,14,0,0,1,0,0,2,0,0,0,1,7,0,0,0,0,2,0,0,0,0,1,6,0,0,2,1,0,3,0,0,2,1,0,0,3,0,0
495,x6IffPPcCWOnVA40_joQVA,4.0,1,0,0,0,0,2,0,0,0,0,1,0,0,0,0,0,0,1,0,0,0,0,0,0,0,0,1,3,0,0,0,0,0,0,0,0,0,1,0,0,0,0,0,0,0,0,0,1,0,0,0,0,0,0,0,0,0,0,1,0,1,0,1,0,0
496,x8WI_GkeGHGJCXggDm8flg,4.0,0,1,1,12,0,10,0,0,6,6,7,0,0,1,1,0,0,24,2,0,5,7,3,0,5,1,15,28,1,1,5,0,3,0,2,1,1,3,22,0,2,1,1,13,0,1,2,3,1,9,2,1,1,1,0,2,0,3,11,5,3,7,7,4,0
497,x8i9K2iIT7MwHe1-5XC2CA,4.0,0,0,1,0,0,1,1,0,0,0,0,0,1,0,0,0,0,0,0,0,0,0,0,0,1,0,1,0,0,0,0,0,0,0,0,0,0,0,0,0,0,0,1,0,0,0,0,1,0,0,0,0,0,0,0,0,0,0,0,0,2,0,0,0,0
498,xA6L2w_TlbxHubb1xeBE8w,4.0,1,6,1,11,3,8,14,0,1,19,9,3,2,1,0,1,0,19,5,0,7,8,1,1,10,0,60,43,1,1,10,1,1,1,1,0,9,6,12,8,1,0,0,6,0,3,0,3,9,12,2,1,8,0,1,5,15,1,2,13,4,1,17,5,0
499,xQqCpVu52dCZlsoYoKRykA,4.5,0,1,0,4,0,3,0,0,0,1,0,0,0,0,2,0,0,10,0,0,1,1,0,1,0,0,12,28,2,0,0,1,4,0,1,0,0,5,2,2,0,0,0,0,0,0,0,0,0,1,0,0,0,1,0,0,0,0,2,2,4,0,5,0,0
500,xZfPdAYeimiruXuGR4nSUA,4.5,0,0,2,8,0,7,2,1,0,10,6,1,1,0,4,1,1,6,1,0,2,8,1,2,16,0,18,40,0,0,6,2,1,1,0,4,1,1,7,0,0,0,0,1,0,0,0,3,2,2,2,0,0,7,0,2,2,1,1,2,2,0,12,2,0
501,xhPdBbduivnHYTnoM0K1Bg,4.0,0,0,0,0,0,0,0,0,0,4,1,0,0,0,0,0,0,2,1,0,0,0,0,0,0,0,5,3,2,0,0,0,0,0,1,0,0,1,1,2,2,0,0,1,0,0,0,0,0,0,0,0,0,0,0,0,0,0,0,0,0,0,0,1,0
502,xrqzMU3dibafnu2brHq93g,5.0,0,0,0,2,0,1,0,0,0,3,0,0,1,0,0,0,0,0,0,0,0,1,0,0,2,0,0,1,0,0,0,0,1,0,0,0,0,0,0,1,0,0,0,1,0,0,0,0,0,0,0,2,0,1,0,1,0,0,0,0,0,0,3,0,0
503,xwEgodVIXchvoPg_VHQmoA,4.5,0,0,0,1,0,0,0,0,1,1,0,0,0,0,0,0,0,0,0,0,0,0,0,0,0,0,0,2,0,0,0,0,2,0,0,0,0,1,0,0,0,0,0,0,0,0,0,0,0,0,1,0,0,2,0,0,0,0,1,0,0,0,2,0,0
504,y9EJ_mD_gc6z5heohULU7A,4.5,0,0,0,0,0,0,0,0,0,0,0,0,0,0,2,0,0,0,0,0,0,0,0,0,1,0,1,9,0,0,0,0,0,0,0,0,0,0,0,0,0,0,0,1,0,0,0,0,0,0,0,0,0,1,0,0,0,0,0,0,0,3,0,0,0
505,yCkBK7vE4KS80765vFE_OA,5.0,0,0,0,0,0,0,0,0,0,0,0,0,0,0,0,0,0,2,0,0,1,0,0,0,0,0,0,0,0,0,0,0,0,0,0,0,0,0,0,0,0,0,0,0,0,0,0,0,0,0,0,0,0,0,0,0,0,0,0,0,0,0,0,0,0
506,yJwHl1SyJkAz7xOxtCnqjg,4.5,0,0,0,0,0,0,0,0,0,1,2,0,0,0,1,0,0,1,0,0,0,3,0,0,4,0,3,7,0,0,1,0,1,0,0,0,0,2,6,0,0,0,0,0,0,0,0,0,0,1,0,0,0,0,0,0,0,0,1,0,1,0,1,0,0
507,yKJCTTGgUr8IHyQDk6NKfA,4.5,0,0,1,1,0,0,0,0,0,2,0,0,0,0,0,0,0,1,0,0,0,0,0,0,1,0,2,1,0,0,0,0,0,0,0,0,0,0,5,0,0,0,0,0,0,1,1,0,0,1,0,0,0,4,0,0,0,0,0,1,0,0,0,1,0
508,yS_ae8BGPrcf2bFVG_hGZw,2.5,0,2,0,0,0,0,0,0,0,0,1,0,0,0,0,0,0,0,0,0,0,0,0,0,0,0,0,1,0,0,3,0,0,0,0,0,1,0,0,0,0,0,0,0,0,0,0,0,0,1,1,0,0,0,0,0,0,0,0,0,3,0,0,0,0
509,yUioLsYsz-oXpFhtw6qQCw,3.5,0,0,0,0,0,0,0,0,0,0,0,0,0,0,0,0,0,0,0,0,0,0,0,0,0,0,0,3,0,0,0,0,0,0,0,0,0,0,0,0,0,0,0,0,0,0,0,0,0,0,0,0,0,0,0,0,0,0,0,0,0,0,0,0,0
510,ybd0nXoNpGIlkL9bRChs3A,3.5,0,0,0,0,0,1,1,0,1,1,0,0,0,1,0,0,0,1,2,0,0,1,0,0,1,0,1,0,0,0,0,0,0,0,0,0,0,0,0,0,0,0,0,0,0,0,0,0,0,1,0,1,0,4,0,0,0,0,2,1,1,0,0,0,0
511,ydV_pHucakfLGO2TGo02XQ,4.0,0,0,0,0,0,0,0,0,0,0,0,0,0,0,0,0,0,0,0,0,0,0,0,0,0,0,0,2,0,0,0,0,0,0,0,0,0,2,0,0,0,0,0,0,0,0,0,0,0,0,0,0,0,0,0,0,0,0,0,0,1,0,0,0,0
512,ylLChdh7Oyx3SW8SxOTlbA,4.5,0,0,0,0,0,0,0,0,0,0,1,0,0,0,0,0,0,0,0,0,0,0,0,0,0,0,3,0,0,0,0,0,0,1,0,0,0,0,0,0,0,0,0,0,0,0,0,0,0,0,0,0,0,0,0,1,0,0,1,0,0,0,0,0,0
513,ymRZymBOg-UfK9cV3odjqw,3.5,0,0,0,0,1,0,0,0,0,1,0,1,0,1,1,0,0,0,0,0,0,0,0,1,1,2,0,6,0,0,3,0,0,0,0,0,0,0,1,0,0,0,0,0,0,0,0,0,0,1,1,0,0,1,0,1,0,0,0,3,3,0,0,0,0
514,ynqrs5UZJbQbiJA_9e_JAA,4.0,0,0,1,2,0,1,1,1,0,4,0,1,1,0,2,0,0,1,0,0,0,2,0,0,2,3,4,10,1,0,0,0,1,0,0,0,0,0,1,1,0,0,0,0,0,0,0,0,1,1,0,0,0,1,0,1,0,0,0,2,6,1,3,1,0
515,ynxsvakvMGCVLzzUvsSXmg,4.0,0,0,0,1,0,0,0,0,0,0,0,0,1,0,0,0,0,1,0,0,0,1,0,0,0,0,0,0,0,0,0,0,0,0,0,0,0,2,1,0,0,0,1,0,0,0,0,0,0,0,0,0,0,1,2,0,3,0,0,2,0,0,2,0,0
516,ypSDELi0xMgoChahZkB3NA,5.0,0,0,0,0,0,0,0,0,0,0,0,0,0,0,0,0,0,0,0,0,0,0,0,1,0,0,1,0,0,0,0,0,0,0,0,0,0,1,1,0,0,0,0,0,0,0,0,0,0,0,0,0,0,0,1,0,0,0,0,0,0,0,0,0,0
517,yt0IPg-CURvYFRcmXU1V3g,5.0,0,0,0,0,0,0,0,0,0,0,0,0,0,0,0,0,0,1,0,0,0,3,0,0,0,1,2,0,0,0,0,0,0,1,0,0,0,0,0,0,0,0,0,1,0,0,0,0,0,0,0,0,0,0,0,0,0,0,0,1,0,0,1,1,0
518,z5IG12AAyVW_itRg3QPupg,5.0,0,0,0,0,0,1,0,0,0,0,0,0,0,0,0,0,0,0,0,0,0,0,0,0,0,0,0,4,3,0,1,0,0,1,0,0,0,1,2,0,0,0,0,0,0,0,0,0,0,0,0,0,0,0,0,0,0,0,0,0,0,1,0,0,0
519,zEXPGF0mLan5M4OEzbU_gQ,3.0,0,0,0,0,0,0,0,0,0,0,0,0,0,0,0,0,0,0,0,0,0,0,0,0,1,0,3,1,0,0,0,0,0,0,0,0,0,0,0,0,0,0,0,0,0,0,0,0,0,0,1,0,0,1,1,0,0,0,0,0,0,0,1,0,0
520,zIrRigWBt3HspDCX3njs_Q,4.5,0,0,0,0,0,2,0,0,0,3,0,0,0,0,0,0,0,6,0,0,2,5,0,1,4,0,7,13,0,0,0,0,0,1,0,0,0,1,2,0,0,1,0,0,0,0,0,2,1,1,0,0,0,0,1,0,0,0,1,0,0,0,1,2,0
521,zKfTRI1_hGZoxk4ox8zW4A,4.5,0,0,0,0,0,0,0,0,0,0,0,0,0,0,0,0,0,0,0,0,0,0,0,1,0,0,0,0,0,0,0,0,0,0,0,0,0,0,1,0,0,1,0,0,0,0,0,0,0,0,0,0,0,0,1,0,0,0,0,0,0,0,0,0,0
522,zM2tnreDSBx__LMPwkst3A,4.0,0,0,0,0,0,0,0,0,0,0,0,0,0,0,0,0,0,2,0,0,0,2,0,0,0,0,4,2,0,0,0,0,0,0,0,0,0,0,2,0,0,0,0,0,0,0,0,2,0,0,0,0,0,0,0,0,0,0,1,0,3,0,0,0,0
523,zMWt63bBkqRQ6c1B40q4og,3.0,1,0,0,0,0,1,0,0,0,0,0,0,0,0,0,0,0,0,0,0,0,0,0,0,0,1,0,1,0,0,0,0,0,0,0,0,0,0,0,0,0,0,0,1,0,0,0,0,0,0,0,0,0,0,0,0,0,0,0,0,2,0,0,0,0
524,zhPSu9zUD7FTGtCLyVPlaw,3.0,0,0,0,0,1,0,0,0,0,1,1,0,0,0,0,0,0,3,1,0,1,2,0,1,0,0,7,2,0,0,0,0,0,1,0,0,0,0,0,2,0,0,0,0,0,0,0,0,2,0,0,1,0,1,18,0,0,0,0,0,1,0,2,1,0
525,zrVScOF63r1LuZNbKr5qBg,4.0,0,0,0,0,0,0,0,0,0,0,0,0,0,0,0,0,0,0,0,0,0,0,0,0,0,0,4,1,0,0,0,0,0,1,0,0,0,0,0,0,0,0,0,0,0,0,0,0,0,0,0,0,0,0,0,0,0,0,0,0,0,0,0,0,0
526,zuCu5ff06l4Pe33qYe58MA,4.5,0,0,0,0,0,0,0,0,0,0,0,0,0,0,0,0,0,0,0,0,0,1,0,0,0,0,0,1,0,0,0,0,0,0,0,0,0,0,0,0,0,0,0,1,0,0,0,0,0,0,0,0,0,0,0,0,0,0,0,0,0,1,0,0,0
527,zuu87Wx0Sv2KCUzY_wGSKQ,4.0,0,0,0,0,0,0,0,0,0,3,2,0,1,0,0,0,0,2,0,0,0,3,0,0,3,0,5,5,0,0,1,0,0,0,0,0,0,0,1,2,0,1,0,1,0,2,0,0,0,1,0,1,0,0,1,0,0,0,0,0,0,0,1,1,0
528,zyRhwC9zs34LeYYfGc4gBA,4.5,0,0,0,3,0,2,0,0,0,5,0,0,0,0,0,0,0,6,0,0,1,1,0,1,13,0,2,6,0,0,0,0,0,0,0,0,1,0,0,0,0,0,0,0,0,0,0,0,1,1,0,2,0,7,3,0,0,0,0,1,0,0,2,2,0
529,zzZfgEpwrpi4Ywdaj3OIuQ,5.0,0,0,0,0,0,0,0,0,0,6,0,1,0,0,1,0,0,3,0,0,0,0,0,2,0,0,7,11,0,0,1,0,0,0,0,0,0,1,0,0,0,0,0,0,0,0,0,0,0,1,0,0,0,1,0,0,0,0,0,0,0,4,0,1,0
